Scraped At,Section,Subcategory,Product Name,Price,Rating,Image URL,Product URL
2026-01-25 06:59:25,Accessories,cheapest item under 100,LOSOFY CLEAN AntiRoachGel-(20g) Cockroach Paste,Rs. 85,3.9,https://g.sdlcdn.com/imgs/k/2/7/LOSOFY-CLEAN-AntiRoachGel-20g-Cockroach-SDL091927699-1-2c596.png?w=220&h=258&sharp=7,https://www.snapdeal.com/product/losofy-clean-antiroachgel20g-cockroach-paste/622059628098#bcrumbSearch:cheapest%20item%20under%20100
2026-01-25 06:59:26,Accessories,cheapest item under 100,100% Natural Profesional Serum For Nail Strong Supple and Shaped Nail Care Serum - Pack Of 1,Rs. 80,4.2,https://g.sdlcdn.com/imgs/k/x/v/100-Natural-Profesional-Serum-For-SDL284220983-1-997c6.jpeg?w=220&h=258&sharp=7,https://www.snapdeal.com/product/100-natural-profesional-serum-for/637579416846#bcrumbSearch:cheapest%20item%20under%20100
2026-01-25 06:59:26,Accessories,cheapest item under 100,"Sotftsens Baby TEAR FREE Baby Wash, 200ml with natural milk cream & shea butter",Rs. 99,4.5,https://g.sdlcdn.com/imgs/h/s/p/Softsens-Natural-Baby-Body-Wash-SDL567181916-1-22470.jpg?w=220&h=258&sharp=7,https://www.snapdeal.com/product/softsens-natural-baby-body-wash/624567774076#bcrumbSearch:cheapest%20item%20under%20100
2026-01-25 06:59:26,Accessories,cheapest item under 100,"Joy Ultra Look Makeup Foundation With SPF 15 Flawless Coverage, 30ml",Rs. 85,4.3,https://g.sdlcdn.com/imgs/k/0/d/X-men-Matte-Liquid-For-SDL738609056-1-e6d57.jpg?w=220&h=258&sharp=7,https://www.snapdeal.com/product/xmen-matte-liquid-for-all/675005018071#bcrumbSearch:cheapest%20item%20under%20100
2026-01-25 06:59:26,Accessories,cheapest item under 100,Gusto Foods Instant Schezwan Gravy 250 gm,Rs. 82,4.5,https://g.sdlcdn.com/imgs/k/r/g/Gusto-Foods-Instant-Schezwan-Gravy-SDL542593797-1-7c0f5.jpg?w=220&h=258&sharp=7,https://www.snapdeal.com/product/gusto-foods-instant-schezwan-gravy/644845625808#bcrumbSearch:cheapest%20item%20under%20100
2026-01-25 06:59:26,Accessories,cheapest item under 100,Jovees Herbal Sindoor Red Rich Color Quick Drying & Long Lasting Smudge-Proof 5ml (Pack of 1),Rs. 91,4.2,https://g.sdlcdn.com/imgs/k/2/5/Jovees-Herbal-Red-Sindoor-Liquid-SDL429667282-1-7b95b.JPG?w=220&h=258&sharp=7,https://www.snapdeal.com/product/jovees-herbal-red-sindoor-liquid/637689285939#bcrumbSearch:cheapest%20item%20under%20100
2026-01-25 06:59:26,Accessories,cheapest item under 100,Dahlia pachyderms Winter Flower Seeds with Coco Peat Seed Starter,Rs. 95,4.0,https://g.sdlcdn.com/imgs/j/h/6/Dahlia-pachyderms-Winter-Flower-Seeds-SDL567792241-1-461c8.jpeg?w=220&h=258&sharp=7,https://www.snapdeal.com/product/dahlia-pachyderms-winter-flower-seeds/681202618131#bcrumbSearch:cheapest%20item%20under%20100
2026-01-25 06:59:26,Accessories,cheapest item under 100,PrettyKrafts Single Cotton Brown Cylinder Cover,Rs. 78,3.9,https://g.sdlcdn.com/imgs/k/y/t/PrettyKrafts-Single-Cotton-Brown-Cylinder-SDL205551706-1-02db2.jpg?w=220&h=258&sharp=7,https://www.snapdeal.com/product/prettykrafts-single-cotton-brown-cylinder/632115475699#bcrumbSearch:cheapest%20item%20under%20100
2026-01-25 06:59:26,Accessories,cheapest item under 100,ENRRICH ONE PROTIONE DB CHOCOLATE FLAVOUR PROTEIN POWDER 1 gm,Rs. 99,,,https://www.snapdeal.com/product/enrrich-one-protione-db-chocolate/639814980801#bcrumbSearch:cheapest%20item%20under%20100
2026-01-25 06:59:26,Accessories,cheapest item under 100,"Dwarf Fruit Seeds Combo Orange,Apple, Grape, Pomegranate, Guava 5 seeds Each + 150gm Growing soil + Instruction Manual Inside Package",Rs. 94,3.6,,https://www.snapdeal.com/product/dwarf-fruit-seeds-combo-orangeapple/686679475024#bcrumbSearch:cheapest%20item%20under%20100
2026-01-25 06:59:37,Accessories,low price,"Lawn Grass Seeds, Soft and Natural Excellent Rich Lawn Greens Grass Seeds,( pack of 500 seeds ) WITH USER MANUAL FOR HOME AND GARDENING USE LOW PRICE AT SNAPDEAL",Rs. 140,3.5,https://g.sdlcdn.com/imgs/k/c/8/Lawn-Grass-Seeds-Soft-and-SDL201016121-1-27873.jpg?w=220&h=258&sharp=7,https://www.snapdeal.com/product/lawn-grass-seeds-soft-and/622553108818#bcrumbSearch:low%20price
2026-01-25 06:59:37,Accessories,low price,ANTHURIUM RED COLOR ORNAMENTAL FLOWER AIRPURIFYING INDOOR OUTDOOR PLANT 20 SEEDS PACK WITH FREE COCOPEAT POTTING SOIL AND USER MANUAL COMBO PACK FOR HOME AND TERRACE GARDENING USE LOW PRICE ON SNAPDEAL,Rs. 104,3.5,https://g.sdlcdn.com/imgs/k/d/k/ANTHURIUM-RED-COLOR-ORNAMENTAL-FLOWER-SDL807595522-1-f8906.jpg?w=220&h=258&sharp=7,https://www.snapdeal.com/product/anthurium-red-color-ornamental-flower/655519833427#bcrumbSearch:low%20price
2026-01-25 06:59:37,Accessories,low price,LEMON GRASS HERB PLANT 50 SEEDS PACK WITH USER MANUAL FOR INDOOR OUTDOOR HOME KITCHEN GARDENING USE LOW PRICE ONLINE ON SNAPDEAL,Rs. 119,4.0,https://g.sdlcdn.com/imgs/k/l/h/LEMON-GRASS-HERB-PLANT-50-SDL908751945-1-44433.jpg?w=220&h=258&sharp=7,https://www.snapdeal.com/product/lemon-grass-herb-plant-50/635887639143#bcrumbSearch:low%20price
2026-01-25 06:59:37,Accessories,low price,AIR PURIFYING TREE CHINA PALM 20+ SEEDS PACK WITH FREE POTTING SOIL AND USER MANUAL FOR INDOOR AND OUTDOOR HOME AND TERRACE GARDENING USE LOW PRICE AT SNAPDEAL ONLINE SHOP,Rs. 118,4.0,https://g.sdlcdn.com/imgs/k/e/b/AIR-PURIFYING-TREE-CHINA-PALM-SDL900520661-1-c6ef2.jpg?w=220&h=258&sharp=7,https://www.snapdeal.com/product/air-purifying-tree-china-palm/621881820030#bcrumbSearch:low%20price
2026-01-25 06:59:37,Accessories,low price,ARECA PALM ORNAMENTAL TREE 20+ SEEDS PACK WITH FREE POTTING SOIL AND USER MANUAL FOR INDOOR AND OUTDOOR HOME AND TERRACE GARDENING USE LOW PRICE AT SNAPDEAL ONLINE SHOP,Rs. 146,3.9,https://g.sdlcdn.com/imgs/k/l/h/ARECA-PALM-ORNAMENTAL-TREE-20-SDL904122616-1-7cb47.jpg?w=220&h=258&sharp=7,https://www.snapdeal.com/product/areca-palm-ornamental-tree-20/631666376013#bcrumbSearch:low%20price
2026-01-25 06:59:37,Accessories,low price,Jewar mandi chain gold plated designer long size latest fashion low price for daily use,Rs. 239,3.5,https://g.sdlcdn.com/imgs/j/t/h/Jewar-mandi-chain-gold-plated-SDL968240345-1-43d2d.jpg?w=220&h=258&sharp=7,https://www.snapdeal.com/product/jewar-mandi-chain-gold-plated/627474315796#bcrumbSearch:low%20price
2026-01-25 06:59:37,Accessories,low price,Hilary Rhoda Multi Matte Pressed Powder Eye Shadow 100,Rs. 113,4.6,https://g.sdlcdn.com/imgs/l/e/b/Hilary-Rhoda-Multi-Matte-Pressed-SDL402207125-1-39756.jpg?w=220&h=258&sharp=7,https://www.snapdeal.com/product/hilary-rhoda-rust-matte-pressed/5764608172282191211#bcrumbSearch:low%20price
2026-01-25 06:59:37,Accessories,low price,CHARTBUSTERS MAGIC White 1000 watt Dry Iron,Rs. 402,4.0,https://g.sdlcdn.com/imgs/k/0/u/CHARTBUSTERS-MAGIC-White-1000-watt-SDL302799129-1-47ce9.jpeg?w=220&h=258&sharp=7,https://www.snapdeal.com/product/chartbusters-magic-white-1000-watt/621148293753#bcrumbSearch:low%20price
2026-01-25 06:59:37,Accessories,low price,Imported Hosta Flower seeds for Home and Garden Pack of 5 seeds (MIXEDCOLOR),Rs. 145,4.1,,https://www.snapdeal.com/product/imported-hosta-flower-seeds-for/622934433422#bcrumbSearch:low%20price
2026-01-25 06:59:37,Accessories,low price,Spark World Copper 2000W Copper Immersion Rod,Rs. 309,4.4,,https://www.snapdeal.com/product/spark-world-copper-2000w-copper/671685801940#bcrumbSearch:low%20price
2026-01-25 06:59:44,Accessories,Kitchenware,HURPRISE.COM White Stainless Steel Storage Racks ( Pack of 1 ),Rs. 275,4.0,https://g.sdlcdn.com/imgs/l/e/k/HURPRISE-COM-White-Stainless-Steel-SDL052333633-1-8fc23.png?w=220&h=258&sharp=7,https://www.snapdeal.com/product/hurprisecom-white-stainless-steel-storage/664564060148#bcrumbSearch:accessories|bcrumbLabelId:5
2026-01-25 06:59:44,Accessories,Kitchenware,Ezybe Self Adhesive Kichen Shelf Light Blue Plastic Storage Racks (Pack of 2),Rs. 167,4.0,https://g.sdlcdn.com/imgs/k/n/1/Ezybe-Light-Blue-Plastic-Storage-SDL913297927-1-af867.jpg?w=220&h=258&sharp=7,https://www.snapdeal.com/product/kitchen-shelf-storage-rack-self/651274312796#bcrumbSearch:accessories|bcrumbLabelId:5
2026-01-25 06:59:45,Accessories,Kitchenware,Sonal Brown Plastic Storage Racks ( Pack of 1 ),Rs. 488,3.9,https://g.sdlcdn.com/imgs/k/6/i/Sonal-Brown-Plastic-Storage-Racks-SDL681384776-1-20e82.jpg?w=220&h=258&sharp=7,https://www.snapdeal.com/product/sonal-brown-plastic-storage-racks/627191043139#bcrumbSearch:accessories|bcrumbLabelId:5
2026-01-25 06:59:45,Accessories,Kitchenware,Anshri White Plastic Storage Racks ( Pack of 4 ),Rs. 244,4.1,https://g.sdlcdn.com/imgs/k/4/z/Anshri-White-Plastic-Storage-Racks-SDL158288851-1-82b79.jpg?w=220&h=258&sharp=7,https://www.snapdeal.com/product/anshri-white-plastic-storage-racks/636623008371#bcrumbSearch:accessories|bcrumbLabelId:5
2026-01-25 06:59:45,Accessories,Kitchenware,KITSMART Black Steel Storage Racks ( Pack of 1 ),Rs. 413,3.7,https://g.sdlcdn.com/imgs/k/8/p/KITSMART-Black-Steel-Storage-Racks-SDL596142542-1-99373.png?w=220&h=258&sharp=7,https://www.snapdeal.com/product/kitsmart-black-steel-storage-racks/642817018755#bcrumbSearch:accessories|bcrumbLabelId:5
2026-01-25 06:59:45,Accessories,Kitchenware,Anshri White Plastic Kitchen Dispenser ( Pack of 2 ),Rs. 163,4.4,https://g.sdlcdn.com/imgs/k/2/7/Anshri-White-Plastic-Kitchen-Dispenser-SDL199517793-1-9251b.jpg?w=220&h=258&sharp=7,https://www.snapdeal.com/product/anshri-white-plastic-kitchen-dispenser/654906296466#bcrumbSearch:accessories|bcrumbLabelId:5
2026-01-25 06:59:45,Accessories,Kitchenware,SPIX Black Stainless Steel Storage Racks ( Pack of 1 ),Rs. 270,3.6,https://g.sdlcdn.com/imgs/l/b/h/SPIX-Black-Stainless-Steel-Storage-SDL364462288-1-c9872.jpg?w=220&h=258&sharp=7,https://www.snapdeal.com/product/spix-black-stainless-steel-storage/620243521414#bcrumbSearch:accessories|bcrumbLabelId:5
2026-01-25 06:59:45,Accessories,Kitchenware,BECKONMART Multicolor Plastic Wall mount Stand ( Pack of 1 ),Rs. 157,,https://g.sdlcdn.com/imgs/l/d/n/BECKONMART-Multicolor-Plastic-Wall-mount-SDL395084949-1-5240d.jpg?w=220&h=258&sharp=7,https://www.snapdeal.com/product/beckonmart-multicolor-plastic-wall-mount/676017559960#bcrumbSearch:accessories|bcrumbLabelId:5
2026-01-25 06:59:45,Accessories,Kitchenware,SPIX Black Stainless Steel Storage Racks ( Pack of 1 ),Rs. 254,4.6,,https://www.snapdeal.com/product/spix-black-stainless-steel-storage/628578026696#bcrumbSearch:accessories|bcrumbLabelId:5
2026-01-25 06:59:46,Accessories,Kitchenware,BECKONMART Multicolor Steel Dish Washer ( Pack of 1 ),Rs. 267,,,https://www.snapdeal.com/product/beckonmart-multicolor-steel-dish-washer/649492168651#bcrumbSearch:accessories|bcrumbLabelId:5
2026-01-25 06:59:53,Accessories,"Storage & Thermoware
1272",HURPRISE.COM White Stainless Steel Storage Racks ( Pack of 1 ),Rs. 275,4.0,https://g.sdlcdn.com/imgs/l/e/k/HURPRISE-COM-White-Stainless-Steel-SDL052333633-1-8fc23.png?w=220&h=258&sharp=7,https://www.snapdeal.com/product/hurprisecom-white-stainless-steel-storage/664564060148#bcrumbSearch:accessories|bcrumbLabelId:207
2026-01-25 06:59:53,Accessories,"Storage & Thermoware
1272",Ezybe Self Adhesive Kichen Shelf Light Blue Plastic Storage Racks (Pack of 2),Rs. 167,4.0,https://g.sdlcdn.com/imgs/k/n/1/Ezybe-Light-Blue-Plastic-Storage-SDL913297927-1-af867.jpg?w=220&h=258&sharp=7,https://www.snapdeal.com/product/kitchen-shelf-storage-rack-self/651274312796#bcrumbSearch:accessories|bcrumbLabelId:207
2026-01-25 06:59:53,Accessories,"Storage & Thermoware
1272",Sonal Brown Plastic Storage Racks ( Pack of 1 ),Rs. 488,3.9,https://g.sdlcdn.com/imgs/k/6/i/Sonal-Brown-Plastic-Storage-Racks-SDL681384776-1-20e82.jpg?w=220&h=258&sharp=7,https://www.snapdeal.com/product/sonal-brown-plastic-storage-racks/627191043139#bcrumbSearch:accessories|bcrumbLabelId:207
2026-01-25 06:59:53,Accessories,"Storage & Thermoware
1272",Anshri White Plastic Storage Racks ( Pack of 4 ),Rs. 244,4.1,https://g.sdlcdn.com/imgs/k/4/z/Anshri-White-Plastic-Storage-Racks-SDL158288851-1-82b79.jpg?w=220&h=258&sharp=7,https://www.snapdeal.com/product/anshri-white-plastic-storage-racks/636623008371#bcrumbSearch:accessories|bcrumbLabelId:207
2026-01-25 06:59:53,Accessories,"Storage & Thermoware
1272",KITSMART Black Steel Storage Racks ( Pack of 1 ),Rs. 413,3.7,https://g.sdlcdn.com/imgs/k/8/p/KITSMART-Black-Steel-Storage-Racks-SDL596142542-1-99373.png?w=220&h=258&sharp=7,https://www.snapdeal.com/product/kitsmart-black-steel-storage-racks/642817018755#bcrumbSearch:accessories|bcrumbLabelId:207
2026-01-25 06:59:53,Accessories,"Storage & Thermoware
1272",Anshri White Plastic Kitchen Dispenser ( Pack of 2 ),Rs. 163,4.4,https://g.sdlcdn.com/imgs/k/2/7/Anshri-White-Plastic-Kitchen-Dispenser-SDL199517793-1-9251b.jpg?w=220&h=258&sharp=7,https://www.snapdeal.com/product/anshri-white-plastic-kitchen-dispenser/654906296466#bcrumbSearch:accessories|bcrumbLabelId:207
2026-01-25 06:59:54,Accessories,"Storage & Thermoware
1272",SPIX Black Stainless Steel Storage Racks ( Pack of 1 ),Rs. 270,3.6,https://g.sdlcdn.com/imgs/l/b/h/SPIX-Black-Stainless-Steel-Storage-SDL364462288-1-c9872.jpg?w=220&h=258&sharp=7,https://www.snapdeal.com/product/spix-black-stainless-steel-storage/620243521414#bcrumbSearch:accessories|bcrumbLabelId:207
2026-01-25 06:59:54,Accessories,"Storage & Thermoware
1272",BECKONMART Multicolor Plastic Wall mount Stand ( Pack of 1 ),Rs. 157,,https://g.sdlcdn.com/imgs/l/d/n/BECKONMART-Multicolor-Plastic-Wall-mount-SDL395084949-1-5240d.jpg?w=220&h=258&sharp=7,https://www.snapdeal.com/product/beckonmart-multicolor-plastic-wall-mount/676017559960#bcrumbSearch:accessories|bcrumbLabelId:207
2026-01-25 06:59:54,Accessories,"Storage & Thermoware
1272",SWASTICK Black Stainless Steel Storage Racks ( Pack of 2 ),Rs. 274,3.7,,https://www.snapdeal.com/product/swastick-black-stainless-steel-storage/641237460383#bcrumbSearch:accessories|bcrumbLabelId:207
2026-01-25 06:59:54,Accessories,"Storage & Thermoware
1272",BECKONMART Multicolor Plastic Dish Drainers ( Pack of 1 ),Rs. 168,,,https://www.snapdeal.com/product/beckonmart-multicolor-plastic-dish-drainers/663079167340#bcrumbSearch:accessories|bcrumbLabelId:207
2026-01-25 07:00:01,Accessories,"Bar Accessories
1545",Droor Ash tray,Rs. 316,4.7,https://g.sdlcdn.com/imgs/k/9/6/Droor-Ash-tray-SDL837293080-1-79523.jpg?w=220&h=258&sharp=7,https://www.snapdeal.com/product/droor-ash-tray/666205031699#bcrumbSearch:accessories|bcrumbLabelId:88
2026-01-25 07:00:01,Accessories,"Bar Accessories
1545",GMPex Cigarette Lighters with LED Light Assorted PVC Cigarette Lighter ( Pack of 1 ),Rs. 240,3.9,https://g.sdlcdn.com/imgs/k/7/h/GMPex-Cigarette-Lighters-with-LED-SDL799105033-1-19cd0.jpg?w=220&h=258&sharp=7,https://www.snapdeal.com/product/gmpex-cigarette-lighters-with-led/677109012116#bcrumbSearch:accessories|bcrumbLabelId:88
2026-01-25 07:00:02,Accessories,"Bar Accessories
1545",PAAVI Silver PVC Cigarette Lighter ( Pack of 1 ),Rs. 482,4.2,https://g.sdlcdn.com/imgs/k/6/r/PAAVI-Silver-PVC-Cigarette-Lighter-SDL020185779-1-aadfc.jpg?w=220&h=258&sharp=7,https://www.snapdeal.com/product/paavi-silver-pvc-cigarette-lighter/670418498354#bcrumbSearch:accessories|bcrumbLabelId:88
2026-01-25 07:00:02,Accessories,"Bar Accessories
1545",rk trader Multicolor Aluminium Cigarette Lighter ( Pack of 1 ),Rs. 233,4.4,https://g.sdlcdn.com/imgs/l/c/p/rk-trader-Multicolor-Aluminium-Cigarette-SDL939015698-1-507a5.jpg?w=220&h=258&sharp=7,https://www.snapdeal.com/product/rk-trader-multicolor-aluminium-cigarette/674600878563#bcrumbSearch:accessories|bcrumbLabelId:88
2026-01-25 07:00:02,Accessories,"Bar Accessories
1545",Black Lid Ash Tray,Rs. 139,4.6,https://g.sdlcdn.com/imgs/k/p/e/Black-Lid-Ash-Tray-SDL281647885-1-6001d.jpg?w=220&h=258&sharp=7,https://www.snapdeal.com/product/black-lid-ash-tray/656218401820#bcrumbSearch:accessories|bcrumbLabelId:88
2026-01-25 07:00:02,Accessories,"Bar Accessories
1545",QitmirMKT NEW SUPER KY LIGHT Multicolor Stainless Steel Cigarette Lighter ( Pack of 1 ),Rs. 232,4.0,https://g.sdlcdn.com/imgs/k/z/z/QitmirMKT-NEW-SUPER-KY-LIGHT-SDL597970040-1-a4d17.jpeg?w=220&h=258&sharp=7,https://www.snapdeal.com/product/qitmirmkt-new-super-ky-light/639047695811#bcrumbSearch:accessories|bcrumbLabelId:88
2026-01-25 07:00:02,Accessories,"Bar Accessories
1545",8 Pcs Steel Bar set,Rs. 553,4.3,https://g.sdlcdn.com/imgs/k/p/l/HOMETALES-8-Pcs-Steel-Bar-SDL365566050-1-33a6e.jpg?w=220&h=258&sharp=7,https://www.snapdeal.com/product/hometales-8-pcs-steel-bar/657646167945#bcrumbSearch:accessories|bcrumbLabelId:88
2026-01-25 07:00:02,Accessories,"Bar Accessories
1545",Peshkar Silver Iron Cigarette Lighter ( Pack of 1 ),Rs. 332,3.7,https://g.sdlcdn.com/imgs/k/0/5/Peshkar-Silver-Iron-Cigarette-Lighter-SDL727493266-1-13a28.jpg?w=220&h=258&sharp=7,https://www.snapdeal.com/product/peshkar-silver-iron-cigarette-lighter/637052846408#bcrumbSearch:accessories|bcrumbLabelId:88
2026-01-25 07:00:02,Accessories,"Bar Accessories
1545",Ashtray cigratte ashtray..,Rs. 282,,,https://www.snapdeal.com/product/ashtray-cigratte-ashtray/656568566428#bcrumbSearch:accessories|bcrumbLabelId:88
2026-01-25 07:00:02,Accessories,"Bar Accessories
1545",PAAVI Gold Virgin Plastic Cigarette Lighter ( Pack of 1 ),Rs. 682,4.2,,https://www.snapdeal.com/product/paavi-gold-virgin-plastic-cigarette/643016870198#bcrumbSearch:accessories|bcrumbLabelId:88
2026-01-25 07:01:03,Footwear,Footwear,lyvi Black Men's Daily Slipper,Rs. 182,4.1,https://g.sdlcdn.com/imgs/k/5/d/lyvi-Black-Men-s-Daily-SDL157076235-1-5e2b5.jpg?w=220&h=258&sharp=7,https://www.snapdeal.com/product/lyvi-black-mens-daily-slipper/663507910089#bcrumbSearch:footwear|bcrumbLabelId:4583
2026-01-25 07:01:03,Footwear,Footwear,Xtoon Grey Men's Outdoor Shoes,Rs. 488,3.7,https://g.sdlcdn.com/imgs/k/x/q/Xtoon-Grey-Men-s-Outdoor-SDL797293333-1-384e9.jpg?w=220&h=258&sharp=7,https://www.snapdeal.com/product/xtoon-grey-mens-outdoor-shoes/664057051788#bcrumbSearch:footwear|bcrumbLabelId:4583
2026-01-25 07:01:04,Footwear,Footwear,Cozy Wear Brown Men's Daily Slipper,Rs. 187,4.1,https://g.sdlcdn.com/imgs/k/3/f/Cozy-Wear-Brown-Men-s-SDL005011830-1-0322f.JPG?w=220&h=258&sharp=7,https://www.snapdeal.com/product/cozy-wear-brown-mens-daily/6917529705592538103#bcrumbSearch:footwear|bcrumbLabelId:4583
2026-01-25 07:01:04,Footwear,Footwear,Stylestry Black Women's Flats,Rs. 408,4.0,https://g.sdlcdn.com/imgs/k/z/t/Stylestry-Black-Women-s-Flats-SDL101977166-1-81754.jpg?w=220&h=258&sharp=7,https://www.snapdeal.com/product/stylestry-black-womens-flats/672921904889#bcrumbSearch:footwear|bcrumbLabelId:4583
2026-01-25 07:01:04,Footwear,Footwear,Stylestry Black Women's Pumps Heels,Rs. 635,4.5,https://g.sdlcdn.com/imgs/k/1/c/Stylestry-Black-Women-s-Pumps-SDL358911123-1-6b897.jpg?w=220&h=258&sharp=7,https://www.snapdeal.com/product/stylestry-black-womens-pumps-heels/5764608200353620145#bcrumbSearch:footwear|bcrumbLabelId:4583
2026-01-25 07:01:04,Footwear,Footwear,AROTEK Grey Men's Daily Slipper,Rs. 176,4.2,https://g.sdlcdn.com/imgs/l/a/g/AROTEK-Grey-Men-s-Daily-SDL882050588-1-34afa.jpg?w=220&h=258&sharp=7,https://www.snapdeal.com/product/arotek-grey-mens-daily-slipper/664150090808#bcrumbSearch:footwear|bcrumbLabelId:4583
2026-01-25 07:01:04,Footwear,Footwear,TR Black Men's Mocassin Formal Shoes,Rs. 487,4.1,https://g.sdlcdn.com/imgs/k/0/y/TR-Black-Men-s-Mocassin-SDL226306055-1-c3da6.jpg?w=220&h=258&sharp=7,https://www.snapdeal.com/product/tr-black-mens-mocassin-formal/640858690638#bcrumbSearch:footwear|bcrumbLabelId:4583
2026-01-25 07:01:05,Footwear,Footwear,FUSEOWL Maroon Women's Flip Flop,Rs. 167,4.2,https://g.sdlcdn.com/imgs/k/y/y/FUSEOWL-Maroon-Women-s-Flip-SDL657286690-1-b6bb8.jpeg?w=220&h=258&sharp=7,https://www.snapdeal.com/product/fuseowl-maroon-womens-flip-flop/623019124415#bcrumbSearch:footwear|bcrumbLabelId:4583
2026-01-25 07:01:05,Footwear,Footwear,PERY PAO Blue Men's Slide Flip Flop,Rs. 221,4.1,,https://www.snapdeal.com/product/pery-pao-blue-mens-slide/619453211136#bcrumbSearch:footwear|bcrumbLabelId:4583
2026-01-25 07:01:05,Footwear,Footwear,Shoetopia Beige Women's Casual Ballerinas,Rs. 635,3.9,,https://www.snapdeal.com/product/shoetopia-beige-womens-casual-ballerinas/619704737567#bcrumbSearch:footwear|bcrumbLabelId:4583
2026-01-25 07:01:14,Footwear,"Women'S Footwear
20170",Citipiti ind. Green Women's Flats,Rs. 208,4.4,https://g.sdlcdn.com/imgs/l/c/s/Citipiti-ind-Green-Women-s-SDL810879002-1-a25ce.jpg?w=220&h=258&sharp=7,https://www.snapdeal.com/product/citipiti-ind-green-womens-flats/630619963366#bcrumbSearch:footwear|bcrumbLabelId:227
2026-01-25 07:01:14,Footwear,"Women'S Footwear
20170",Commander Shoes Black Women's Pumps Heels,Rs. 587,4.3,https://g.sdlcdn.com/imgs/k/2/c/Commander-Shoes-Black-Women-s-SDL088727796-1-5b4d4.JPG?w=220&h=258&sharp=7,https://www.snapdeal.com/product/commander-shoes-black-womens-pumps/8070451198198109668#bcrumbSearch:footwear|bcrumbLabelId:227
2026-01-25 07:01:15,Footwear,"Women'S Footwear
20170",FUSEOWL Maroon Women's Flip Flop,Rs. 167,4.2,https://g.sdlcdn.com/imgs/k/y/y/FUSEOWL-Maroon-Women-s-Flip-SDL657286690-1-b6bb8.jpeg?w=220&h=258&sharp=7,https://www.snapdeal.com/product/fuseowl-maroon-womens-flip-flop/623019124415#bcrumbSearch:footwear|bcrumbLabelId:227
2026-01-25 07:01:15,Footwear,"Women'S Footwear
20170",Stylestry Black Women's Casual Ballerinas,Rs. 500,4.2,https://g.sdlcdn.com/imgs/k/0/7/Stylestry-Black-Women-s-Casual-SDL402126063-1-9ad48.jpg?w=220&h=258&sharp=7,https://www.snapdeal.com/product/stylestry-black-womens-casual-ballerinas/657057842822#bcrumbSearch:footwear|bcrumbLabelId:227
2026-01-25 07:01:15,Footwear,"Women'S Footwear
20170",Campus Mauve Women's Slip On,Rs. 720,4.5,https://g.sdlcdn.com/imgs/k/z/r/Campus-Mauve-Women-s-Slip-SDL217405049-1-237b6.jpg?w=220&h=258&sharp=7,https://www.snapdeal.com/product/campus-blue-womens-loafers/8070451189308205894#bcrumbSearch:footwear|bcrumbLabelId:227
2026-01-25 07:01:15,Footwear,"Women'S Footwear
20170",Altek Peach Women's Flats,Rs. 224,4.3,https://g.sdlcdn.com/imgs/k/6/a/Altek-Peach-Women-s-Flats-SDL979592144-1-14b9a.JPG?w=220&h=258&sharp=7,https://www.snapdeal.com/product/altek-peach-womens-flats/651853697521#bcrumbSearch:footwear|bcrumbLabelId:227
2026-01-25 07:01:15,Footwear,"Women'S Footwear
20170",Campus - Green Women's Running Shoes,Rs. 735,4.0,https://g.sdlcdn.com/imgs/k/u/h/Campus-Green-Women-s-Running-SDL027872111-1-38745.jpeg?w=220&h=258&sharp=7,https://www.snapdeal.com/product/campus-black-running-shoes/5188147425240112409#bcrumbSearch:footwear|bcrumbLabelId:227
2026-01-25 07:01:16,Footwear,"Women'S Footwear
20170",Citipiti ind. Gray Women's Flats,Rs. 208,4.3,https://g.sdlcdn.com/imgs/l/c/s/Citipiti-ind-Gray-Women-s-SDL699833876-1-856e8.jpg?w=220&h=258&sharp=7,https://www.snapdeal.com/product/citipiti-ind-gray-womens-flats/642176832573#bcrumbSearch:footwear|bcrumbLabelId:227
2026-01-25 07:01:16,Footwear,"Women'S Footwear
20170",Shoetopia Black Women's Flats,Rs. 500,4.1,,https://www.snapdeal.com/product/shoetopia-black-womens-flats/674063147197#bcrumbSearch:footwear|bcrumbLabelId:227
2026-01-25 07:01:16,Footwear,"Women'S Footwear
20170",KHADIM Beige Flats,Rs. 466,4.3,,https://www.snapdeal.com/product/khadims-beige-flats/638611114984#bcrumbSearch:footwear|bcrumbLabelId:227
2026-01-25 07:01:22,Footwear,"Men'S Footwear
28814",Cozy Wear Brown Men's Daily Slipper,Rs. 187,4.1,https://g.sdlcdn.com/imgs/k/3/f/Cozy-Wear-Brown-Men-s-SDL005011830-1-0322f.JPG?w=220&h=258&sharp=7,https://www.snapdeal.com/product/cozy-wear-brown-mens-daily/6917529705592538103#bcrumbSearch:footwear|bcrumbLabelId:18
2026-01-25 07:01:22,Footwear,"Men'S Footwear
28814",Xtoon Grey Men's Outdoor Shoes,Rs. 488,3.7,https://g.sdlcdn.com/imgs/k/x/q/Xtoon-Grey-Men-s-Outdoor-SDL797293333-1-384e9.jpg?w=220&h=258&sharp=7,https://www.snapdeal.com/product/xtoon-grey-mens-outdoor-shoes/664057051788#bcrumbSearch:footwear|bcrumbLabelId:18
2026-01-25 07:01:22,Footwear,"Men'S Footwear
28814",lyvi Black Men's Daily Slipper,Rs. 182,4.1,https://g.sdlcdn.com/imgs/k/5/d/lyvi-Black-Men-s-Daily-SDL157076235-1-5e2b5.jpg?w=220&h=258&sharp=7,https://www.snapdeal.com/product/lyvi-black-mens-daily-slipper/663507910089#bcrumbSearch:footwear|bcrumbLabelId:18
2026-01-25 07:01:22,Footwear,"Men'S Footwear
28814",KATENIA - Black Men's Oxford Formal Shoes,Rs. 528,4.2,https://g.sdlcdn.com/imgs/k/m/g/KATENIA-Black-Men-s-Oxford-SDL866092591-1-b8b87.jpg?w=220&h=258&sharp=7,https://www.snapdeal.com/product/katenia-black-mens-oxford-formal/679226453198#bcrumbSearch:footwear|bcrumbLabelId:18
2026-01-25 07:01:22,Footwear,"Men'S Footwear
28814",hanuco Height Increasing Insoles,Rs. 296,4.1,https://g.sdlcdn.com/imgs/l/b/m/hanuco-Height-Increasing-Insoles-SDL871901066-1-1c180.jpg?w=220&h=258&sharp=7,https://www.snapdeal.com/product/hanuco-height-increasing-insoles/630881449671#bcrumbSearch:footwear|bcrumbLabelId:18
2026-01-25 07:01:22,Footwear,"Men'S Footwear
28814",AROTEK Grey Men's Daily Slipper,Rs. 176,4.2,https://g.sdlcdn.com/imgs/l/a/g/AROTEK-Grey-Men-s-Daily-SDL882050588-1-34afa.jpg?w=220&h=258&sharp=7,https://www.snapdeal.com/product/arotek-grey-mens-daily-slipper/664150090808#bcrumbSearch:footwear|bcrumbLabelId:18
2026-01-25 07:01:22,Footwear,"Men'S Footwear
28814",BHAVYTA COSMETIC Cream Polish Suitable for White Color,Rs. 157,3.6,https://g.sdlcdn.com/imgs/k/q/3/BHAVYTA-COSMETIC-Cream-Polish-Suitable-SDL376251134-1-a6b5d.jpg?w=220&h=258&sharp=7,https://www.snapdeal.com/product/bhavyta-cosmetic-cream-polish-suitable/624974996872#bcrumbSearch:footwear|bcrumbLabelId:18
2026-01-25 07:01:23,Footwear,"Men'S Footwear
28814",PERY PAO Blue Men's Slide Flip Flop,Rs. 221,4.1,https://g.sdlcdn.com/imgs/k/v/u/PERY-PAO-Blue-Men-s-SDL716779795-1-b10aa.jpg?w=220&h=258&sharp=7,https://www.snapdeal.com/product/pery-pao-blue-mens-slide/619453211136#bcrumbSearch:footwear|bcrumbLabelId:18
2026-01-25 07:01:23,Footwear,"Men'S Footwear
28814",Cozy Wear Black Men's Daily Slipper,Rs. 163,4.0,,https://www.snapdeal.com/product/cozy-wear-black-mens-daily/627242744127#bcrumbSearch:footwear|bcrumbLabelId:18
2026-01-25 07:01:23,Footwear,"Men'S Footwear
28814",BEE U NIK Black Men's Thong Flip Flop,Rs. 157,4.1,,https://www.snapdeal.com/product/bee-u-nik-black-mens/634462754839#bcrumbSearch:footwear|bcrumbLabelId:18
2026-01-25 07:01:29,Footwear,"Kid'S Footwear
7703",Modern Stylish Latest Kids Girls And Kids Boys Clog Flip Flops,Rs. 262,4.0,https://g.sdlcdn.com/imgs/k/o/l/Modern-Stylish-Latest-Kids-Girls-SDL014108503-1-c7991.jpg?w=220&h=258&sharp=7,https://www.snapdeal.com/product/modern-stylish-latest-kids-girls/674135782052#bcrumbSearch:footwear|bcrumbLabelId:493
2026-01-25 07:01:29,Footwear,"Kid'S Footwear
7703",Modern Stylish Kids Girls Casual Partywear Soft Padded Sandals,Rs. 302,4.3,https://g.sdlcdn.com/imgs/k/o/8/Modern-Stylish-Kids-Girls-Casual-SDL825907584-1-d3c5e.jpg?w=220&h=258&sharp=7,https://www.snapdeal.com/product/modern-stylish-kids-girls-casual/658869738558#bcrumbSearch:footwear|bcrumbLabelId:493
2026-01-25 07:01:29,Footwear,"Kid'S Footwear
7703",NEOBABY Casual Clog for Kids Boys and Girls(Pack of 2),Rs. 211,5.0,https://g.sdlcdn.com/imgs/k/f/1/NEOBABY-Casual-Clog-for-Kids-SDL584799237-1-8f1f7.jpg?w=220&h=258&sharp=7,https://www.snapdeal.com/product/neobaby-casual-clog-for-kids/670950710794#bcrumbSearch:footwear|bcrumbLabelId:493
2026-01-25 07:01:30,Footwear,"Kid'S Footwear
7703",Seafoot - Multicoloured Boy's LED Shoes ( 1 Pair ),Rs. 272,4.0,https://g.sdlcdn.com/imgs/k/2/t/Seafoot-Multicoloured-Boy-s-LED-SDL972463283-1-63eab.jpg?w=220&h=258&sharp=7,https://www.snapdeal.com/product/seafoot-multicoloured-boys-led-shoes/634058728220#bcrumbSearch:footwear|bcrumbLabelId:493
2026-01-25 07:01:30,Footwear,"Kid'S Footwear
7703",Ajanta - Black Boy's School Shoes ( 1 Pair ),Rs. 359,3.8,https://g.sdlcdn.com/imgs/k/t/y/Ajanta-Black-Boy-s-School-SDL823677286-1-5ee63.jpg?w=220&h=258&sharp=7,https://www.snapdeal.com/product/ajanta-black-boys-school-shoes/648768978162#bcrumbSearch:footwear|bcrumbLabelId:493
2026-01-25 07:01:30,Footwear,"Kid'S Footwear
7703",SKYRISE Casual Clog for Kids Boys and Girls(Pack of 2),Rs. 253,,https://g.sdlcdn.com/imgs/k/s/2/SKYRISE-Casual-Clog-for-Kids-SDL457510202-1-a360a.jpg?w=220&h=258&sharp=7,https://www.snapdeal.com/product/skyrise-casual-clog-for-kids/683289023746#bcrumbSearch:footwear|bcrumbLabelId:493
2026-01-25 07:01:30,Footwear,"Kid'S Footwear
7703",Bersache - Light Grey Boy's Clogs ( 1 Pair ),Rs. 355,3.9,https://g.sdlcdn.com/imgs/k/1/t/Bersache-Light-Grey-Boy-s-SDL078072046-1-eef1c.jpg?w=220&h=258&sharp=7,https://www.snapdeal.com/product/bersache-blue-boys-clogs-1/653135039525#bcrumbSearch:footwear|bcrumbLabelId:493
2026-01-25 07:01:30,Footwear,"Kid'S Footwear
7703",PENNEN - Brown Boy's Sneakers ( 1 Pair ),Rs. 366,3.7,https://g.sdlcdn.com/imgs/l/a/s/PENNEN-Brown-Boy-s-Sneakers-SDL666984792-1-8acfd.jpg?w=220&h=258&sharp=7,https://www.snapdeal.com/product/pennen-brown-boys-sneakers-1/681929420019#bcrumbSearch:footwear|bcrumbLabelId:493
2026-01-25 07:01:30,Footwear,"Kid'S Footwear
7703",Shoetopia - White Girl's Loafers ( 1 Pair ),Rs. 556,4.6,,https://www.snapdeal.com/product/shoetopia-white-girls-loafers-1/663659209089#bcrumbSearch:footwear|bcrumbLabelId:493
2026-01-25 07:01:30,Footwear,"Kid'S Footwear
7703",Bersache Lightweight Stylish Sandal With High Quality Sole For kids(Gray),Rs. 340,4.0,,https://www.snapdeal.com/product/bersache-lightweight-stylish-sandal-with/646891865069#bcrumbSearch:footwear|bcrumbLabelId:493
2026-01-25 07:02:26,Kids Fashion,pari dress,"Toy Balloon Kids Net Dress For Girls ( Pack of 1 , Purple )",Rs. 571,5.0,https://g.sdlcdn.com/imgs/k/6/h/Toy-Balloon-Kids-Net-Dress-SDL886347735-1-ec4aa.jpg?w=220&h=258&sharp=7,https://www.snapdeal.com/product/toy-balloon-kids-net-dress/626399038701#bcrumbSearch:pari%20dress
2026-01-25 07:02:27,Kids Fashion,pari dress,"Toy Balloon Kids Net Dress For Girls ( Pack of 1 , White )",Rs. 547,4.7,https://g.sdlcdn.com/imgs/k/7/2/Toy-Balloon-Kids-Net-Dress-SDL188417704-1-c9c51.jpg?w=220&h=258&sharp=7,https://www.snapdeal.com/product/toy-balloon-kids-net-dress/630095558450#bcrumbSearch:pari%20dress
2026-01-25 07:02:27,Kids Fashion,pari dress,"Toy Balloon Kids Net Fit And Flare Dress For Girls ( Pack of 1 , Royal Blue )",Rs. 368,3.7,https://g.sdlcdn.com/imgs/k/u/3/Toy-Balloon-Kids-Royal-Blue-SDL240308638-1-bc4e4.jpg?w=220&h=258&sharp=7,https://www.snapdeal.com/product/toy-balloon-kids-royal-blue/642133623635#bcrumbSearch:pari%20dress
2026-01-25 07:02:27,Kids Fashion,pari dress,"Goodluck Swimming Costume For Kids, Girls",Rs. 580,5.0,https://g.sdlcdn.com/imgs/j/p/6/Goodluck-Swimming-Costume-For-Kids-SDL970261287-1-b5ad9.JPG?w=220&h=258&sharp=7,https://www.snapdeal.com/product/goodluck-swimming-costume-for-kids/5764608144154228554#bcrumbSearch:pari%20dress
2026-01-25 07:02:27,Kids Fashion,pari dress,"Toy Balloon Kids Net Dress For Girls ( Pack of 1 , Pink )",Rs. 547,,https://g.sdlcdn.com/imgs/k/6/h/Toy-Balloon-Kids-Net-Dress-SDL416952378-1-bc2fe.jpg?w=220&h=258&sharp=7,https://www.snapdeal.com/product/toy-balloon-kids-net-dress/636249210910#bcrumbSearch:pari%20dress
2026-01-25 07:02:27,Kids Fashion,pari dress,"Toy Balloon Kids Scuba Peplum Dress For Girls ( Pack of 1 , Coral )",Rs. 428,3.6,https://g.sdlcdn.com/imgs/k/u/o/Toy-Balloon-Kids-Coral-Scuba-SDL353427375-1-4d953.jpg?w=220&h=258&sharp=7,https://www.snapdeal.com/product/toy-balloon-kids-black-scuba/8646911928270153518#bcrumbSearch:pari%20dress
2026-01-25 07:02:27,Kids Fashion,pari dress,"Toy Balloon Kids Net Fit And Flare Dress For Girls ( Pack of 1 , Baby Pink )",Rs. 428,5.0,https://g.sdlcdn.com/imgs/k/u/s/Toy-Balloon-Kids-Baby-Pink-SDL773664558-1-45707.jpg?w=220&h=258&sharp=7,https://www.snapdeal.com/product/toy-balloon-kids-baby-pink/669828193418#bcrumbSearch:pari%20dress
2026-01-25 07:02:27,Kids Fashion,pari dress,"Toy Balloon Kids Net Dress For Girls ( Pack of 1 , Coral )",Rs. 428,5.0,https://g.sdlcdn.com/imgs/k/6/h/Toy-Balloon-Kids-Net-Dress-SDL341229451-1-28277.jpg?w=220&h=258&sharp=7,https://www.snapdeal.com/product/toy-balloon-kids-net-dress/658077363678#bcrumbSearch:pari%20dress
2026-01-25 07:02:27,Kids Fashion,pari dress,"Toy Balloon Kids Net Dress For Girls ( Pack of 1 , Red )",Rs. 571,4.5,,https://www.snapdeal.com/product/toy-balloon-kids-net-dress/654420193107#bcrumbSearch:pari%20dress
2026-01-25 07:02:27,Kids Fashion,pari dress,"Toy Balloon Kids Net Fit And Flare Dress For Girls ( Pack of 1 , Sky Blue )",Rs. 428,,,https://www.snapdeal.com/product/toy-balloon-kids-sky-blue/678737575350#bcrumbSearch:pari%20dress
2026-01-25 07:02:36,Kids Fashion,gown girl,"JCT DRESSES Crepe Frock For Baby Girls ( Pack of 1 , Multicolor )",Rs. 165,4.0,https://g.sdlcdn.com/imgs/k/y/j/JCT-DRESSES-Multi-Crepe-Baby-SDL157252566-1-529a0.jpg?w=220&h=258&sharp=7,https://www.snapdeal.com/product/jct-dresses-multi-crepe-girls/659426089105#bcrumbSearch:gown%20girl
2026-01-25 07:02:37,Kids Fashion,gown girl,"JCT DRESSES Crepe Frock For Baby Girls ( Pack of 1 , Multicolor )",Rs. 164,4.0,https://g.sdlcdn.com/imgs/k/y/j/JCT-DRESSES-Multi-Crepe-Baby-SDL075572296-1-bc734.jpg?w=220&h=258&sharp=7,https://www.snapdeal.com/product/jct-dresses-multi-crepe-girls/4899917054993061282#bcrumbSearch:gown%20girl
2026-01-25 07:02:37,Kids Fashion,gown girl,"FOLENNE Velvet Gown For Girls ( Pack of 1 , Green )",Rs. 503,3.8,https://g.sdlcdn.com/imgs/k/9/w/FOLENNE-Velvet-Gown-For-Girls-SDL923619094-1-d5904.JPG?w=220&h=258&sharp=7,https://www.snapdeal.com/product/folenne-velvet-gown-for-girls/5764608192128435496#bcrumbSearch:gown%20girl
2026-01-25 07:02:37,Kids Fashion,gown girl,"APNA COLLECTION Net Frock For Girls ( Pack of 1 , White )",Rs. 347,4.1,https://g.sdlcdn.com/imgs/k/3/j/APNA-COLLECTION-Net-Frock-For-SDL663349221-1-431b1.jpg?w=220&h=258&sharp=7,https://www.snapdeal.com/product/apna-collection-net-gown-for/8070451200388400901#bcrumbSearch:gown%20girl
2026-01-25 07:02:37,Kids Fashion,gown girl,"SM SOHAN Cotton Blend Gown For Girls ( Pack of 1 , Yellow )",Rs. 582,,https://g.sdlcdn.com/imgs/l/c/0/SM-SOHAN-Cotton-Blend-Gown-SDL504580515-1-17580.jpg?w=220&h=258&sharp=7,https://www.snapdeal.com/product/sm-sohan-cotton-blend-gown/649873619723#bcrumbSearch:gown%20girl
2026-01-25 07:02:37,Kids Fashion,gown girl,"FOLENNE Velvet Gown For Girls ( Pack of 1 , Maroon )",Rs. 503,3.8,https://g.sdlcdn.com/imgs/k/9/w/FOLENNE-Velvet-Gown-For-Girls-SDL957219581-1-69efb.jpg?w=220&h=258&sharp=7,https://www.snapdeal.com/product/folenne-velvet-gown-for-girls/8070451201342129448#bcrumbSearch:gown%20girl
2026-01-25 07:02:37,Kids Fashion,gown girl,"DS DRESSES Net Gown For Girls ( Pack of 1 , Yellow )",Rs. 310,4.3,https://g.sdlcdn.com/imgs/k/3/f/DS-DRESSES-Net-Gown-For-SDL010642904-1-4760d.jpg?w=220&h=258&sharp=7,https://www.snapdeal.com/product/ds-dresses-net-dress-for/6917529703973620594#bcrumbSearch:gown%20girl
2026-01-25 07:02:37,Kids Fashion,gown girl,"JCT DRESSES Crepe Frock For Baby Girls ( Pack of 1 , White )",Rs. 256,3.9,https://g.sdlcdn.com/imgs/k/y/j/JCT-DRESSES-White-Crepe-Baby-SDL369023264-1-465db.jpg?w=220&h=258&sharp=7,https://www.snapdeal.com/product/jct-dresses-white-crepe-girls/624022413576#bcrumbSearch:gown%20girl
2026-01-25 07:02:37,Kids Fashion,gown girl,"Aarya Designer Georgette Gown For Girls ( Pack of 1 , Red )",Rs. 310,4.0,,https://www.snapdeal.com/product/aarya-designer-georgette-gown-for/6917529664063535278#bcrumbSearch:gown%20girl
2026-01-25 07:02:37,Kids Fashion,gown girl,"DS DRESSES Net Gown For Girls ( Pack of 1 , Pink )",Rs. 292,,,https://www.snapdeal.com/product/ds-dresses-net-gown-for/657519744032#bcrumbSearch:gown%20girl
2026-01-25 07:02:46,Kids Fashion,Kid'S Fashion & Accessories,Cool and NIce kids Multi color Bermuda pack of 5,Rs. 333,3.6,https://g.sdlcdn.com/imgs/j/b/r/Cool-and-NIce-kids-Multi-SDL217165411-1-d9349.jpeg?w=220&h=258&sharp=7,https://www.snapdeal.com/product/cool-and-nice-kids-multi/682851757548#bcrumbSearch:kids%20fashion|bcrumbLabelId:2373
2026-01-25 07:02:46,Kids Fashion,Kid'S Fashion & Accessories,Niicce Fashion Pack of 1 Boys Denim Shirt & Jeans Set ( Blue ),Rs. 532,4.6,https://g.sdlcdn.com/imgs/l/e/t/Niicce-Fashion-Pack-of-1-SDL864739883-1-6c81c.jpg?w=220&h=258&sharp=7,https://www.snapdeal.com/product/niicce-fashion-pack-of-1/648021392458#bcrumbSearch:kids%20fashion|bcrumbLabelId:2373
2026-01-25 07:02:46,Kids Fashion,Kid'S Fashion & Accessories,New Collection Army Dress for Boy,Rs. 266,4.2,https://g.sdlcdn.com/imgs/k/g/5/New-Collection-Army-Dress-for-SDL429868683-1-2d01d.jpg?w=220&h=258&sharp=7,https://www.snapdeal.com/product/army/659342363826#bcrumbSearch:kids%20fashion|bcrumbLabelId:2373
2026-01-25 07:02:46,Kids Fashion,Kid'S Fashion & Accessories,Arshia Fashions Pack of 1 Baby Boys Cotton Blend Shirt & Shorts Set ( Green ),Rs. 501,3.8,https://g.sdlcdn.com/imgs/k/2/l/Arshia-Fashions-Pack-of-1-SDL028784069-1-8a0fa.jpg?w=220&h=258&sharp=7,https://www.snapdeal.com/product/arshia-fashions-pack-of-1/5188147426801534283#bcrumbSearch:kids%20fashion|bcrumbLabelId:2373
2026-01-25 07:02:46,Kids Fashion,Kid'S Fashion & Accessories,NI FASHION Pack of 1 Boys Cotton Blend T-Shirt ( Green ),Rs. 167,4.1,https://g.sdlcdn.com/imgs/k/x/e/NI-FASHION-Green-Cotton-Blend-SDL190898988-1-9b046.jpg?w=220&h=258&sharp=7,https://www.snapdeal.com/product/ni-fashion-green-cotton-blend/636908214277#bcrumbSearch:kids%20fashion|bcrumbLabelId:2373
2026-01-25 07:02:46,Kids Fashion,Kid'S Fashion & Accessories,"A.W.A KIDS FASHION Cotton Frock For Girls ( Pack of 1 , Blue )",Rs. 582,,https://g.sdlcdn.com/imgs/l/c/s/A-W-A-KIDS-FASHION-SDL095134717-1-38181.jpg?w=220&h=258&sharp=7,https://www.snapdeal.com/product/awa-kids-fashion-cotton-frock/644632562373#bcrumbSearch:kids%20fashion|bcrumbLabelId:2373
2026-01-25 07:02:47,Kids Fashion,Kid'S Fashion & Accessories,KIDS CLUB Pack of 1 Boys 100% Cotton Full Sleeves Shirt ( Brown ),Rs. 329,4.5,https://g.sdlcdn.com/imgs/l/e/u/KIDS-CLUB-Pack-of-1-SDL730909980-1-18711.jpg?w=220&h=258&sharp=7,https://www.snapdeal.com/product/kids-club-pack-of-1/5188147454401592047#bcrumbSearch:kids%20fashion|bcrumbLabelId:2373
2026-01-25 07:02:47,Kids Fashion,Kid'S Fashion & Accessories,NAYPAL FASHION STYLE Pack of 1 Boys & Girls Cotton Blend T-Shirt ( Pink ),Rs. 239,4.5,https://g.sdlcdn.com/imgs/l/a/c/NAYPAL-FASHION-STYLE-Pack-of-SDL110106472-1-3f3b3.jpg?w=220&h=258&sharp=7,https://www.snapdeal.com/product/naypal-fashion-style-pack-of/684399999208#bcrumbSearch:kids%20fashion|bcrumbLabelId:2373
2026-01-25 07:02:47,Kids Fashion,Kid'S Fashion & Accessories,NI FASHION Pack of 1 Boys Cotton Blend T-Shirt ( Maroon ),Rs. 167,4.2,,https://www.snapdeal.com/product/ni-fashion-maroon-cotton-blend/682060609644#bcrumbSearch:kids%20fashion|bcrumbLabelId:2373
2026-01-25 07:02:47,Kids Fashion,Kid'S Fashion & Accessories,KASEERA CUTE STYLISH AND TRENDING KIDS GYM VEST PACK OF 5,Rs. 273,4.3,,https://www.snapdeal.com/product/kaseera-cute-stylish-and-trending/673716684716#bcrumbSearch:kids%20fashion|bcrumbLabelId:2373
2026-01-25 07:02:53,Kids Fashion,"Boys Clothing
32676",Cool and NIce kids Multi color Bermuda pack of 5,Rs. 333,3.6,https://g.sdlcdn.com/imgs/j/b/r/Cool-and-NIce-kids-Multi-SDL217165411-1-d9349.jpeg?w=220&h=258&sharp=7,https://www.snapdeal.com/product/cool-and-nice-kids-multi/682851757548#bcrumbSearch:kids%20fashion|bcrumbLabelId:524
2026-01-25 07:02:53,Kids Fashion,"Boys Clothing
32676",New Collection Army Dress for Boy,Rs. 266,4.2,https://g.sdlcdn.com/imgs/k/g/5/New-Collection-Army-Dress-for-SDL429868683-1-2d01d.jpg?w=220&h=258&sharp=7,https://www.snapdeal.com/product/army/659342363826#bcrumbSearch:kids%20fashion|bcrumbLabelId:524
2026-01-25 07:02:53,Kids Fashion,"Boys Clothing
32676",KIDS CLUB Pack of 1 Boys 100% Cotton Full Sleeves Shirt ( Peach ),Rs. 329,5.0,https://g.sdlcdn.com/imgs/l/e/m/KIDS-CLUB-Pack-of-1-SDL995990461-1-26e07.jpg?w=220&h=258&sharp=7,https://www.snapdeal.com/product/kids-club-pack-of-1/5764608189956700996#bcrumbSearch:kids%20fashion|bcrumbLabelId:524
2026-01-25 07:02:53,Kids Fashion,"Boys Clothing
32676",NI FASHION Pack of 1 Boys Cotton Blend T-Shirt ( Green ),Rs. 167,4.1,https://g.sdlcdn.com/imgs/k/x/e/NI-FASHION-Green-Cotton-Blend-SDL190898988-1-9b046.jpg?w=220&h=258&sharp=7,https://www.snapdeal.com/product/ni-fashion-green-cotton-blend/636908214277#bcrumbSearch:kids%20fashion|bcrumbLabelId:524
2026-01-25 07:02:53,Kids Fashion,"Boys Clothing
32676",NAYPAL FASHION STYLE Pack of 1 Boys & Girls Cotton Blend T-Shirt ( Pink ),Rs. 239,4.5,https://g.sdlcdn.com/imgs/l/a/c/NAYPAL-FASHION-STYLE-Pack-of-SDL110106472-1-3f3b3.jpg?w=220&h=258&sharp=7,https://www.snapdeal.com/product/naypal-fashion-style-pack-of/684399999208#bcrumbSearch:kids%20fashion|bcrumbLabelId:524
2026-01-25 07:02:54,Kids Fashion,"Boys Clothing
32676",Arshia Fashions Pack of 1 Boys Cotton Blend T-Shirt & Jeans Set ( Grey ),Rs. 561,,https://g.sdlcdn.com/imgs/l/e/h/Arshia-Fashions-Pack-of-1-SDL593966718-1-1b652.jpg?w=220&h=258&sharp=7,https://www.snapdeal.com/product/arshia-fashions-pack-of-1/659694624442#bcrumbSearch:kids%20fashion|bcrumbLabelId:524
2026-01-25 07:02:54,Kids Fashion,"Boys Clothing
32676",NI FASHION Pack of 1 Boys Cotton Blend T-Shirt ( Black ),Rs. 167,3.9,https://g.sdlcdn.com/imgs/k/x/e/NI-FASHION-Black-Cotton-Blend-SDL372858103-1-1ac0d.jpg?w=220&h=258&sharp=7,https://www.snapdeal.com/product/ni-fashion-black-cotton-blend/625660257801#bcrumbSearch:kids%20fashion|bcrumbLabelId:524
2026-01-25 07:02:54,Kids Fashion,"Boys Clothing
32676",NI FASHION Pack of 1 Boys Cotton Blend T-Shirt ( Purple ),Rs. 167,4.0,https://g.sdlcdn.com/imgs/k/x/e/NI-FASHION-Purple-Cotton-Blend-SDL163282711-1-5d1ec.jpg?w=220&h=258&sharp=7,https://www.snapdeal.com/product/ni-fashion-purple-cotton-blend/645134440353#bcrumbSearch:kids%20fashion|bcrumbLabelId:524
2026-01-25 07:02:54,Kids Fashion,"Boys Clothing
32676",NI FASHION Pack of 1 Boys Cotton Blend T-Shirt ( Maroon ),Rs. 167,4.2,,https://www.snapdeal.com/product/ni-fashion-maroon-cotton-blend/682060609644#bcrumbSearch:kids%20fashion|bcrumbLabelId:524
2026-01-25 07:02:54,Kids Fashion,"Boys Clothing
32676",NI FASHION Pack of 1 Boys Cotton Blend T-Shirt ( Red ),Rs. 167,3.7,,https://www.snapdeal.com/product/ni-fashion-red-cotton-blend/662355730524#bcrumbSearch:kids%20fashion|bcrumbLabelId:524
2026-01-25 07:03:02,Kids Fashion,"Girls Clothing
22634","A.W.A KIDS FASHION Cotton Frock For Girls ( Pack of 1 , Blue )",Rs. 582,,https://g.sdlcdn.com/imgs/l/c/s/A-W-A-KIDS-FASHION-SDL095134717-1-38181.jpg?w=220&h=258&sharp=7,https://www.snapdeal.com/product/awa-kids-fashion-cotton-frock/644632562373#bcrumbSearch:kids%20fashion|bcrumbLabelId:539
2026-01-25 07:03:02,Kids Fashion,"Girls Clothing
22634","Arshia Fashions Cotton Blend Shirt Dress For Girls ( Pack of 1 , Blue )",Rs. 501,4.3,https://g.sdlcdn.com/imgs/k/z/0/Arshia-Fashions-Cotton-Blend-Shirt-SDL762407294-1-89cf5.jpg?w=220&h=258&sharp=7,https://www.snapdeal.com/product/arshia-fashions-cotton-blend-shirt/656295486520#bcrumbSearch:kids%20fashion|bcrumbLabelId:539
2026-01-25 07:03:02,Kids Fashion,"Girls Clothing
22634","Arshia Fashions Silk Lehenga Choli Set For Girls ( Pack of 1 , Pink )",Rs. 620,4.0,https://g.sdlcdn.com/imgs/k/o/1/Arshia-Fashions-Pink-Silk-Girls-SDL708918614-1-e9c6c.jpg?w=220&h=258&sharp=7,https://www.snapdeal.com/product/arshia-fashions-red-silk-girls/5764608190549417441#bcrumbSearch:kids%20fashion|bcrumbLabelId:539
2026-01-25 07:03:02,Kids Fashion,"Girls Clothing
22634","Villata fashion Net Frock For Girls ( Pack of 1 , Red )",Rs. 297,4.2,https://g.sdlcdn.com/imgs/k/7/l/Villata-fashion-Net-Frock-For-SDL804121253-1-7a2eb.jpg?w=220&h=258&sharp=7,https://www.snapdeal.com/product/villata-fashion-net-frock-for/5764608207081306031#bcrumbSearch:kids%20fashion|bcrumbLabelId:539
2026-01-25 07:03:02,Kids Fashion,"Girls Clothing
22634","Nios Fashion Girls Cotton Polyester Jeans ( Pack of 2 , Multicolor 5 )",Rs. 347,3.8,https://g.sdlcdn.com/imgs/k/3/g/Nios-Fashion-Girls-Cotton-Polyester-SDL289779772-1-9e5ea.jpg?w=220&h=258&sharp=7,https://www.snapdeal.com/product/nios-fashion-girls-cotton-polyester/7493990467082401064#bcrumbSearch:kids%20fashion|bcrumbLabelId:539
2026-01-25 07:03:02,Kids Fashion,"Girls Clothing
22634","NTD FASHION Girls Georgette Kurti with Pants ( Pack of 1 , Pink )",Rs. 393,,https://g.sdlcdn.com/imgs/k/4/a/NTD-FASHION-Girls-Georgette-Kurti-SDL472538508-1-9c2e2.jpg?w=220&h=258&sharp=7,https://www.snapdeal.com/product/ntd-fashion-girls-georgette-kurti/620325601347#bcrumbSearch:kids%20fashion|bcrumbLabelId:539
2026-01-25 07:03:02,Kids Fashion,"Girls Clothing
22634","Arshia Fashions Polyester Shirt Dress For Girls ( Pack of 1 , Multicolor )",Rs. 561,4.4,https://g.sdlcdn.com/imgs/k/0/p/Arshia-Fashions-Polyester-Shirt-Dress-SDL520968046-1-a613d.jpg?w=220&h=258&sharp=7,https://www.snapdeal.com/product/arshia-fashions-polyester-shirt-dress/646163421397#bcrumbSearch:kids%20fashion|bcrumbLabelId:539
2026-01-25 07:03:02,Kids Fashion,"Girls Clothing
22634",DarjiFashion Pack of 1 Girls Cotton Blend Top ( Multicolor ),Rs. 293,4.8,https://g.sdlcdn.com/imgs/k/7/d/DarjiFashion-Pack-of-1-Girls-SDL452094109-1-40b12.jpg?w=220&h=258&sharp=7,https://www.snapdeal.com/product/darjifashion-pack-of-1-girls/632106314428#bcrumbSearch:kids%20fashion|bcrumbLabelId:539
2026-01-25 07:03:02,Kids Fashion,"Girls Clothing
22634","Villata fashion Net Frock For Girls ( Pack of 1 , White )",Rs. 237,4.3,,https://www.snapdeal.com/product/villata-fashion-net-frock-for/8070451189850932737#bcrumbSearch:kids%20fashion|bcrumbLabelId:539
2026-01-25 07:03:02,Kids Fashion,"Girls Clothing
22634","Arshia Fashions Net Lehenga Choli Set For Girls ( Pack of 1 , Green )",Rs. 620,4.3,,https://www.snapdeal.com/product/arshia-fashions-net-green-girls/5764608172057745439#bcrumbSearch:kids%20fashion|bcrumbLabelId:539
2026-01-25 07:03:56,Men Clothing,3xl trackpant,HVBK Black Polyester Men's Trackpants ( Pack of 1 ),Rs. 232,3.8,https://g.sdlcdn.com/imgs/k/z/b/HVBK-Black-Polyester-Men-s-SDL471016836-3-5fce4.jpg?w=220&h=258&sharp=7,https://www.snapdeal.com/product/hvbk-black-polyester-mens-trackpants/620743601305#bcrumbSearch:3xl%20trackpant
2026-01-25 07:03:56,Men Clothing,3xl trackpant,JB JUST BLACK Grey Cotton Blend Men's Trackpants ( Pack of 1 ),Rs. 554,4.0,https://g.sdlcdn.com/imgs/k/x/k/JB-JUST-BLACK-Grey-Cotton-SDL014426848-1-00f0a.jpg?w=220&h=258&sharp=7,https://www.snapdeal.com/product/jb-just-black-grey-cotton/655426930962#bcrumbSearch:3xl%20trackpant
2026-01-25 07:03:56,Men Clothing,3xl trackpant,HVBK Grey Polyester Men's Trackpants ( Pack of 1 ),Rs. 232,4.1,https://g.sdlcdn.com/imgs/k/z/b/HVBK-Grey-Polyester-Men-s-SDL130248910-3-35f48.jpg?w=220&h=258&sharp=7,https://www.snapdeal.com/product/hvbk-grey-polyester-mens-trackpants/620283557286#bcrumbSearch:3xl%20trackpant
2026-01-25 07:03:57,Men Clothing,3xl trackpant,AUSTIVO - Black Cotton Blend Men's Trackpants ( Pack of 1 ),Rs. 368,4.2,https://g.sdlcdn.com/imgs/k/i/i/AUSTIVO-Black-Cotton-Blend-Men-SDL631391923-1-b4e22.jpg?w=220&h=258&sharp=7,https://www.snapdeal.com/product/austivo-black-cotton-blend-mens/671880740474#bcrumbSearch:3xl%20trackpant
2026-01-25 07:03:57,Men Clothing,3xl trackpant,9lkha Black Lycra Men's Trackpants ( Pack of 1 ),Rs. 440,,https://g.sdlcdn.com/imgs/l/b/g/9lkha-Black-Lycra-Men-s-SDL160602931-1-6b629.jpg?w=220&h=258&sharp=7,https://www.snapdeal.com/product/9lkha-navy-lycra-mens-trackpants/5764608208350480002#bcrumbSearch:3xl%20trackpant
2026-01-25 07:03:57,Men Clothing,3xl trackpant,HVBK Olive Green Polyester Men's Trackpants ( Pack of 1 ),Rs. 232,4.1,https://g.sdlcdn.com/imgs/k/z/c/HVBK-Olive-Green-Polyester-Men-SDL068301336-2-e20bb.jpg?w=220&h=258&sharp=7,https://www.snapdeal.com/product/hvbk-olive-green-polyester-mens/656297133763#bcrumbSearch:3xl%20trackpant
2026-01-25 07:03:57,Men Clothing,3xl trackpant,Neo Garments - Blue Cotton Men's Trackpants ( Pack of 1 ),Rs. 478,4.3,https://g.sdlcdn.com/imgs/k/f/f/Neo-Garments-Cotton-Blue-Men-SDL085387267-1-1271a.jpg?w=220&h=258&sharp=7,https://www.snapdeal.com/product/neo-garments-blue-cotton-trackpants/652189038913#bcrumbSearch:3xl%20trackpant
2026-01-25 07:03:57,Men Clothing,3xl trackpant,FEEL TRACK Multicolor 2 Cotton Men's Trackpants ( Pack of 2 ),Rs. 451,4.4,https://g.sdlcdn.com/imgs/l/d/x/FEEL-TRACK-Multicolor-2-Cotton-SDL312444569-1-9feee.jpg?w=220&h=258&sharp=7,https://www.snapdeal.com/product/feel-track-multicolor-2-cotton/674427564785#bcrumbSearch:3xl%20trackpant
2026-01-25 07:03:57,Men Clothing,3xl trackpant,HVBK Multicolor Polyester Men's Trackpants ( Pack of 2 ),Rs. 505,4.3,,https://www.snapdeal.com/product/hvbk-multicolor-polyester-mens-trackpants/621529853775#bcrumbSearch:3xl%20trackpant
2026-01-25 07:03:57,Men Clothing,3xl trackpant,STYLE ACCORD Light Grey Lycra Men's Trackpants ( Pack of 1 ),Rs. 440,4.3,,https://www.snapdeal.com/product/style-accord-blue-lycra-mens/5764608189792254567#bcrumbSearch:3xl%20trackpant
2026-01-25 07:04:04,Men Clothing,track pant,HVBK Black Polyester Men's Trackpants ( Pack of 1 ),Rs. 232,3.8,https://g.sdlcdn.com/imgs/k/z/b/HVBK-Black-Polyester-Men-s-SDL471016836-3-5fce4.jpg?w=220&h=258&sharp=7,https://www.snapdeal.com/product/hvbk-black-polyester-mens-trackpants/620743601305#bcrumbSearch:track%20pant
2026-01-25 07:04:04,Men Clothing,track pant,Westchic Green Cotton Blend Men's Sports Trackpants ( Pack of 1 ),Rs. 351,3.6,https://g.sdlcdn.com/imgs/k/8/f/Westchic-Green-Cotton-Blend-Men-SDL116586525-1-13c9c.jpg?w=220&h=258&sharp=7,https://www.snapdeal.com/product/westchic-black-cotton-blend-mens/5764608189710983345#bcrumbSearch:track%20pant
2026-01-25 07:04:04,Men Clothing,track pant,HVBK Grey Polyester Men's Trackpants ( Pack of 1 ),Rs. 232,4.1,https://g.sdlcdn.com/imgs/k/z/b/HVBK-Grey-Polyester-Men-s-SDL130248910-3-35f48.jpg?w=220&h=258&sharp=7,https://www.snapdeal.com/product/hvbk-grey-polyester-mens-trackpants/620283557286#bcrumbSearch:track%20pant
2026-01-25 07:04:05,Men Clothing,track pant,Lieo Trend Multicolor Polyester Blend Men's Trackpants ( Pack of 2 ),Rs. 363,4.0,https://g.sdlcdn.com/imgs/l/e/m/Lieo-Trend-Multicolor-Polyester-Blend-SDL148527700-1-93612.jpg?w=220&h=258&sharp=7,https://www.snapdeal.com/product/lieo-trend-multicolor-polyester-blend/647845472120#bcrumbSearch:track%20pant
2026-01-25 07:04:05,Men Clothing,track pant,YUNEK Multicolor Polyester Men's Joggers ( Pack of 2 ),Rs. 522,3.8,https://g.sdlcdn.com/imgs/l/e/5/YUNEK-Multicolor-Polyester-Men-s-SDL184107149-1-3d6e6.png?w=220&h=258&sharp=7,https://www.snapdeal.com/product/yunek-multicolor-polyester-mens-joggers/674561050144#bcrumbSearch:track%20pant
2026-01-25 07:04:05,Men Clothing,track pant,Lieo Trend Multicolor Polyester Blend Men's Trackpants ( Pack of 2 ),Rs. 363,3.9,https://g.sdlcdn.com/imgs/l/e/m/Lieo-Trend-Multicolor-Polyester-Blend-SDL079385747-1-89545.jpg?w=220&h=258&sharp=7,https://www.snapdeal.com/product/lieo-trend-multicolor-polyester-blend/655896301636#bcrumbSearch:track%20pant
2026-01-25 07:04:05,Men Clothing,track pant,Greenflair Black Cotton Men's Drop Crotch Pants ( Pack of 1 ),Rs. 406,4.1,https://g.sdlcdn.com/imgs/l/c/d/Greenflair-Black-Cotton-Men-s-SDL140784195-1-d3509.jpg?w=220&h=258&sharp=7,https://www.snapdeal.com/product/greenflair-light-grey-cotton-mens/5188147420592457494#bcrumbSearch:track%20pant
2026-01-25 07:04:05,Men Clothing,track pant,Lieo Trend Multicolor Polyester Blend Men's Trackpants ( Pack of 2 ),Rs. 363,3.9,https://g.sdlcdn.com/imgs/l/e/m/Lieo-Trend-Multicolor-Polyester-Blend-SDL978264388-1-fe473.jpg?w=220&h=258&sharp=7,https://www.snapdeal.com/product/lieo-trend-multicolor-polyester-blend/648243289335#bcrumbSearch:track%20pant
2026-01-25 07:04:05,Men Clothing,track pant,attitude start of fashion Black Lycra Men's Joggers ( Pack of 2 ),Rs. 383,5.0,,https://www.snapdeal.com/product/attitude-start-of-fashion-black/6917529658831315842#bcrumbSearch:track%20pant
2026-01-25 07:04:05,Men Clothing,track pant,AUSTIVO Grey Cotton Blend Men's Trackpants ( Pack of 1 ),Rs. 346,4.3,,https://www.snapdeal.com/product/austivo-grey-cotton-blend-mens/644842202333#bcrumbSearch:track%20pant
2026-01-25 07:04:11,Men Clothing,Men'S Clothing,TAZO Nylon Men's Casual Jacket - Black ( Pack of 1 ),Rs. 414,4.2,https://g.sdlcdn.com/imgs/l/a/4/TAZO-Nylon-Men-s-Casual-SDL150124061-1-273d3.jpg?w=220&h=258&sharp=7,https://www.snapdeal.com/product/tazo-nylon-mens-casual-jacket/653363612402#bcrumbSearch:men%20clothing|bcrumbLabelId:17
2026-01-25 07:04:12,Men Clothing,Men'S Clothing,Christy World Polyester Men's Casual Jacket - White ( Pack of 1 ),Rs. 419,3.9,https://g.sdlcdn.com/imgs/l/a/g/Christy-World-Polyester-Men-s-SDL334226356-1-80023.jpg?w=220&h=258&sharp=7,https://www.snapdeal.com/product/christy-world-polyester-mens-casual/6917529673728734686#bcrumbSearch:men%20clothing|bcrumbLabelId:17
2026-01-25 07:04:12,Men Clothing,Men'S Clothing,TAZO Nylon Men's Casual Jacket - Grey ( Pack of 1 ),Rs. 414,4.5,https://g.sdlcdn.com/imgs/l/c/d/TAZO-Nylon-Men-s-Casual-SDL550340414-1-01602.jpg?w=220&h=258&sharp=7,https://www.snapdeal.com/product/tazo-nylon-mens-casual-jacket/5764608179757475494#bcrumbSearch:men%20clothing|bcrumbLabelId:17
2026-01-25 07:04:12,Men Clothing,Men'S Clothing,eddicted Polyester Men's Puffer Jacket - Blue ( Pack of 1 ),Rs. 557,4.3,https://g.sdlcdn.com/imgs/l/a/d/eddicted-Polyester-Men-s-Puffer-SDL030347315-1-767b1.jpg?w=220&h=258&sharp=7,https://www.snapdeal.com/product/eddicted-polyester-mens-puffer-jacket/670491913382#bcrumbSearch:men%20clothing|bcrumbLabelId:17
2026-01-25 07:04:12,Men Clothing,Men'S Clothing,IF-INDIAN FORT Polyester Men's Puffer Jacket - Black ( Pack of 1 ),Rs. 554,4.2,https://g.sdlcdn.com/imgs/k/z/n/IF-INDIAN-FORT-Polyester-Men-SDL582668885-1-9aabb.jpg?w=220&h=258&sharp=7,https://www.snapdeal.com/product/ifindian-fort-polyester-mens-puffer/5188147447794684830#bcrumbSearch:men%20clothing|bcrumbLabelId:17
2026-01-25 07:04:12,Men Clothing,Men'S Clothing,Forbro Nylon Men's Windcheater Jacket - Maroon ( Pack of 1 ),Rs. 578,4.1,https://g.sdlcdn.com/imgs/k/m/a/Forbro-Maroon-Nylon-Regular-Fit-SDL073745197-1-9d375.jpg?w=220&h=258&sharp=7,https://www.snapdeal.com/product/forbro-maroon-nylon-regular-fit/633471333074#bcrumbSearch:men%20clothing|bcrumbLabelId:17
2026-01-25 07:04:12,Men Clothing,Men'S Clothing,AZF Nylon Men's Windcheater Jacket - Black ( Pack of 1 ),Rs. 457,4.1,https://g.sdlcdn.com/imgs/k/z/x/AZF-Nylon-Men-s-Windcheater-SDL328872310-1-b674f.jpg?w=220&h=258&sharp=7,https://www.snapdeal.com/product/azf-nylon-mens-windcheater-jacket/618770867849#bcrumbSearch:men%20clothing|bcrumbLabelId:17
2026-01-25 07:04:12,Men Clothing,Men'S Clothing,eddicted Nylon Men's Biker Jacket - Grey ( Pack of 1 ),Rs. 592,4.7,https://g.sdlcdn.com/imgs/l/a/d/eddicted-Nylon-Men-s-Biker-SDL607364150-1-1668b.jpg?w=220&h=258&sharp=7,https://www.snapdeal.com/product/eddicted-nylon-mens-biker-jacket/8070451167117171677#bcrumbSearch:men%20clothing|bcrumbLabelId:17
2026-01-25 07:04:12,Men Clothing,Men'S Clothing,IF-INDIAN FORT Polyester Men's Quilted & Bomber Jacket - Navy ( Pack of 1 ),Rs. 658,4.2,,https://www.snapdeal.com/product/ifindian-fort-polyester-mens-quilted/6917529662028044461#bcrumbSearch:men%20clothing|bcrumbLabelId:17
2026-01-25 07:04:12,Men Clothing,Men'S Clothing,FTX Cotton Men's Denim Jacket - Light Blue ( Pack of 1 ),Rs. 790,4.3,,https://www.snapdeal.com/product/ftx-cotton-mens-denim-jacket/620392816180#bcrumbSearch:men%20clothing|bcrumbLabelId:17
2026-01-25 07:04:18,Men Clothing,"Winter Wear For Men
13135",TrendsTalk Nylon Men's Windcheater Jacket - Olive ( Pack of 1 ),Rs. 563,4.2,https://g.sdlcdn.com/imgs/l/e/f/TrendsTalk-Nylon-Men-s-Windcheater-SDL866499846-1-d0d03.png?w=220&h=258&sharp=7,https://www.snapdeal.com/product/trendstalk-nylon-mens-windcheater-jacket/6917529681961756994#bcrumbSearch:men%20clothing|bcrumbLabelId:46138880
2026-01-25 07:04:18,Men Clothing,"Winter Wear For Men
13135",FTX Denim Men's Denim Jacket - Navy Blue ( Pack of 1 ),Rs. 540,3.9,https://g.sdlcdn.com/imgs/k/z/o/FTX-Denim-Men-s-Denim-SDL960757352-1-75341.jpg?w=220&h=258&sharp=7,https://www.snapdeal.com/product/ftx-denim-mens-denim-jacket/7493990426621630032#bcrumbSearch:men%20clothing|bcrumbLabelId:46138880
2026-01-25 07:04:18,Men Clothing,"Winter Wear For Men
13135",TrybeX Polyester Men's Puffer Jacket - Black ( Pack of 1 ),"Rs. 1,400",4.7,https://g.sdlcdn.com/imgs/l/d/x/TrybeX-Polyester-Men-s-Puffer-SDL556486690-1-dab72.JPG?w=220&h=258&sharp=7,https://www.snapdeal.com/product/trybex-polyester-mens-puffer-jacket/5764608198337795018#bcrumbSearch:men%20clothing|bcrumbLabelId:46138880
2026-01-25 07:04:18,Men Clothing,"Winter Wear For Men
13135",FTX Cotton Men's Denim Jacket - Light Blue ( Pack of 1 ),Rs. 790,4.3,https://g.sdlcdn.com/imgs/l/e/q/FTX-Cotton-Men-s-Denim-SDL533012125-1-0f330.jpg?w=220&h=258&sharp=7,https://www.snapdeal.com/product/ftx-cotton-mens-denim-jacket/620392816180#bcrumbSearch:men%20clothing|bcrumbLabelId:46138880
2026-01-25 07:04:18,Men Clothing,"Winter Wear For Men
13135",TAZO Nylon Men's Casual Jacket - Grey ( Pack of 1 ),Rs. 414,4.0,https://g.sdlcdn.com/imgs/l/a/4/TAZO-Nylon-Men-s-Casual-SDL609898255-1-2d32d.jpg?w=220&h=258&sharp=7,https://www.snapdeal.com/product/tazo-nylon-mens-casual-jacket/8070451169561502837#bcrumbSearch:men%20clothing|bcrumbLabelId:46138880
2026-01-25 07:04:19,Men Clothing,"Winter Wear For Men
13135",Camey Polyester Men's Puffer Jacket - Black ( Pack of 1 ),"Rs. 1,110",3.8,https://g.sdlcdn.com/imgs/k/z/3/Camey-Polyester-Men-s-Puffer-SDL768407052-1-82856.jpg?w=220&h=258&sharp=7,https://www.snapdeal.com/product/camey-polyester-mens-puffer-jacket/5764608207428177206#bcrumbSearch:men%20clothing|bcrumbLabelId:46138880
2026-01-25 07:04:19,Men Clothing,"Winter Wear For Men
13135",nikline Woollen Men's Puffer Jacket - Camel ( Pack of 1 ),Rs. 757,3.5,https://g.sdlcdn.com/imgs/l/c/h/nikline-Woollen-Men-s-Puffer-SDL159854171-1-5619c.jpg?w=220&h=258&sharp=7,https://www.snapdeal.com/product/nikline-woollen-mens-puffer-jacket/8070451194669641271#bcrumbSearch:men%20clothing|bcrumbLabelId:46138880
2026-01-25 07:04:19,Men Clothing,"Winter Wear For Men
13135",TrendsTalk Nylon Men's Windcheater Jacket - Blue ( Pack of 1 ),Rs. 563,4.0,https://g.sdlcdn.com/imgs/l/f/k/TrendsTalk-Nylon-Men-s-Windcheater-SDL863611672-1-c95c8.png?w=220&h=258&sharp=7,https://www.snapdeal.com/product/trendstalk-nylon-mens-windcheater-jacket/645523402217#bcrumbSearch:men%20clothing|bcrumbLabelId:46138880
2026-01-25 07:04:19,Men Clothing,"Winter Wear For Men
13135",Ketch Polyester Men's Puffer Jacket - Blue ( Pack of 1 ),Rs. 517,4.4,,https://www.snapdeal.com/product/ketch-polyester-mens-puffer-jacket/637671832092#bcrumbSearch:men%20clothing|bcrumbLabelId:46138880
2026-01-25 07:04:19,Men Clothing,"Winter Wear For Men
13135",Ketch Cotton Men's Denim Jacket - Black ( Pack of 1 ),Rs. 469,4.2,,https://www.snapdeal.com/product/ketch-cotton-mens-denim-jacket/658436717114#bcrumbSearch:men%20clothing|bcrumbLabelId:46138880
2026-01-25 07:04:27,Men Clothing,"Unstitched Suit & Shirts For Men
2072",Shiv Sales Black Polyester Men's Unstitched Shirts & Trousers ( Pack of 1 ),Rs. 620,4.8,https://g.sdlcdn.com/imgs/k/6/u/Shiv-Sales-Black-Polyester-Men-SDL390509977-1-6f172.jpg?w=220&h=258&sharp=7,https://www.snapdeal.com/product/shiv-sales-black-polyester-mens/664038405177#bcrumbSearch:men%20clothing|bcrumbLabelId:195
2026-01-25 07:04:27,Men Clothing,"Unstitched Suit & Shirts For Men
2072",Brandline Multi Cotton Men's Unstitched Shirts & Trousers ( Pack of 1 ),Rs. 512,4.2,https://g.sdlcdn.com/imgs/l/f/4/Brandline-Multi-Cotton-Men-s-SDL815554814-1-dab32.jpeg?w=220&h=258&sharp=7,https://www.snapdeal.com/product/brandline-multi-cotton-mens-unstitched/620251350244#bcrumbSearch:men%20clothing|bcrumbLabelId:195
2026-01-25 07:04:27,Men Clothing,"Unstitched Suit & Shirts For Men
2072",Kundan Sulz Gwalior Multicolor Poly Blend Unstitched Pant- 6 Pieces,Rs. 758,3.8,https://g.sdlcdn.com/imgs/b/e/t/Shree-Kundan-Fabrics-Multicolor-Poly-SDL995356761-1-a25cb.jpg?w=220&h=258&sharp=7,https://www.snapdeal.com/product/shree-kundan-fabrics-multicolor-poly/663977723338#bcrumbSearch:men%20clothing|bcrumbLabelId:195
2026-01-25 07:04:27,Men Clothing,"Unstitched Suit & Shirts For Men
2072",Shiv Sales Green Cotton Blend Men's Unstitched Shirts & Trousers ( Pack of 1 ),Rs. 639,4.8,https://g.sdlcdn.com/imgs/l/d/n/Shiv-Sales-Green-Cotton-Blend-SDL510802689-1-d2aa0.jpg?w=220&h=258&sharp=7,https://www.snapdeal.com/product/shiv-sales-green-cotton-blend/672267727944#bcrumbSearch:men%20clothing|bcrumbLabelId:195
2026-01-25 07:04:28,Men Clothing,"Unstitched Suit & Shirts For Men
2072",Fabkart Beige Polyester Men's Unstitched Pant Piece ( Pack of 1 ),Rs. 296,4.7,https://g.sdlcdn.com/imgs/k/3/v/Fabkart-Beige-Polyester-Blend-Men-SDL609804856-1-b3709.jpg?w=220&h=258&sharp=7,https://www.snapdeal.com/product/fabkart-beige-polyester-blend-mens/635007925749#bcrumbSearch:men%20clothing|bcrumbLabelId:195
2026-01-25 07:04:28,Men Clothing,"Unstitched Suit & Shirts For Men
2072",Shiv Sales Black Polyester Men's Unstitched Shirts & Trousers ( Pack of 1 ),Rs. 620,4.7,https://g.sdlcdn.com/imgs/k/6/u/Shiv-Sales-Black-Polyester-Men-SDL397476854-1-6aec0.jpg?w=220&h=258&sharp=7,https://www.snapdeal.com/product/shiv-sales-black-polyester-mens/635969235644#bcrumbSearch:men%20clothing|bcrumbLabelId:195
2026-01-25 07:04:28,Men Clothing,"Unstitched Suit & Shirts For Men
2072",Raymond White Cotton Blend Unstitched Shirt pc,Rs. 487,4.0,https://g.sdlcdn.com/imgs/k/j/v/Raymond-White-Cotton-Blend-Unstitched-SDL378643331-1-7c9ae.jpg?w=220&h=258&sharp=7,https://www.snapdeal.com/product/raymond-white-cotton-blend-unstitched/665489132678#bcrumbSearch:men%20clothing|bcrumbLabelId:195
2026-01-25 07:04:28,Men Clothing,"Unstitched Suit & Shirts For Men
2072",KUNDAN SULZ GWALIOR Off-White Cotton Blend Men's Unstitched Shirt Piece ( Pack of 1 ),Rs. 318,4.3,https://g.sdlcdn.com/imgs/i/2/b/KUNDAN-SULZ-GWALIOR-Off-White-SDL913655776-1-bdc0e.jpg?w=220&h=258&sharp=7,https://www.snapdeal.com/product/kundan-sulz-gwalior-offwhite-cotton/632916593483#bcrumbSearch:men%20clothing|bcrumbLabelId:195
2026-01-25 07:04:28,Men Clothing,"Unstitched Suit & Shirts For Men
2072",Makhanchor - White Linen Men's Unstitched Shirt Piece ( Pack of 1 ),Rs. 404,4.1,,https://www.snapdeal.com/product/makhanchor-white-linen-mens-unstitched/631047831728#bcrumbSearch:men%20clothing|bcrumbLabelId:195
2026-01-25 07:04:28,Men Clothing,"Unstitched Suit & Shirts For Men
2072",Raymond White 100 Percent Cotton Unstitched Shirt pc,Rs. 646,3.7,,https://www.snapdeal.com/product/raymond-white-100-percent-cotton/633660351265#bcrumbSearch:men%20clothing|bcrumbLabelId:195
2026-01-25 07:05:06,Women Clothing,long maxi dress,Tokyo Talkies Women Polyester Solid Bodycon Dress ( Black ),Rs. 259,5.0,https://g.sdlcdn.com/imgs/k/8/p/Tokyo-Talkies-Women-Polyester-Blend-SDL973620469-1-9331a.jpg?w=220&h=258&sharp=7,https://www.snapdeal.com/product/tokyo-talkies-women-polyester-blend/658723334367#bcrumbSearch:long%20maxi%20dress
2026-01-25 07:05:06,Women Clothing,long maxi dress,Sheetal associates Women Polyester Printed Fit & Flare Dress ( Blue ),Rs. 357,4.6,https://g.sdlcdn.com/imgs/l/c/b/Sheetal-associates-Women-Polyester-Printed-SDL258048248-1-0f05f.jpg?w=220&h=258&sharp=7,https://www.snapdeal.com/product/sheetal-associates-women-polyester-printed/6917529674052345125#bcrumbSearch:long%20maxi%20dress
2026-01-25 07:05:07,Women Clothing,long maxi dress,PURVAJA Women Lycra Solid Bodycon Dress ( Pink ),Rs. 397,3.5,https://g.sdlcdn.com/imgs/k/x/8/PURVAJA-Lycra-Solid-Midi-Women-SDL463908646-1-39c49.jpg?w=220&h=258&sharp=7,https://www.snapdeal.com/product/purvaja-lycra-solid-midi-womens/5188147439596158973#bcrumbSearch:long%20maxi%20dress
2026-01-25 07:05:07,Women Clothing,long maxi dress,Sheetal associates Women Crepe Fit & Flare Dress ( Blue ),Rs. 357,4.4,https://g.sdlcdn.com/imgs/l/b/2/Sheetal-associates-Women-Crepe-Fit-SDL436447435-1-61272.jpg?w=220&h=258&sharp=7,https://www.snapdeal.com/product/sheetal-associates-women-crepe-fit/665937718502#bcrumbSearch:long%20maxi%20dress
2026-01-25 07:05:07,Women Clothing,long maxi dress,Traquila Women Lycra Solid Bodycon Dress ( Brown ),Rs. 355,,https://g.sdlcdn.com/imgs/k/7/t/Traquila-Women-Lycra-Solid-Bodycon-SDL362219893-1-cbe0e.jpg?w=220&h=258&sharp=7,https://www.snapdeal.com/product/traquila-women-lycra-solid-bodycon/676837806438#bcrumbSearch:long%20maxi%20dress
2026-01-25 07:05:07,Women Clothing,long maxi dress,Krunal Raiyani Women Crepe Printed Fit & Flare Dress ( Blue ),Rs. 351,5.0,https://g.sdlcdn.com/imgs/l/f/f/Krunal-Raiyani-Women-Crepe-Printed-SDL038173490-1-1821a.jpg?w=220&h=258&sharp=7,https://www.snapdeal.com/product/krunal-raiyani-women-crepe-printed/678564367920#bcrumbSearch:long%20maxi%20dress
2026-01-25 07:05:07,Women Clothing,long maxi dress,Sheetal associates Women Polyester Printed Shirt Dress ( Green ),Rs. 357,4.2,https://g.sdlcdn.com/imgs/l/b/z/Sheetal-associates-Women-Polyester-Printed-SDL947453623-1-36996.jpg?w=220&h=258&sharp=7,https://www.snapdeal.com/product/sheetal-associates-women-polyester-printed/633712096199#bcrumbSearch:long%20maxi%20dress
2026-01-25 07:05:07,Women Clothing,long maxi dress,Krunal Raiyani Women's Cotton Blend Printed Fit & Flare Dress ( Black ),Rs. 351,4.0,https://g.sdlcdn.com/imgs/k/5/p/Krunal-Raiyani-Women-s-Cotton-SDL017888999-1-cbfbe.jpg?w=220&h=258&sharp=7,https://www.snapdeal.com/product/krunal-raiyani-womens-cotton-blend/5764608143751307772#bcrumbSearch:long%20maxi%20dress
2026-01-25 07:05:07,Women Clothing,long maxi dress,Juniper Women Rayon Printed Ethnic Dress ( Maroon ),Rs. 657,3.9,,https://www.snapdeal.com/product/juniper-maroon-rayon-womens-fit/673641220550#bcrumbSearch:long%20maxi%20dress
2026-01-25 07:05:07,Women Clothing,long maxi dress,stylewear Women Georgette A-line Dress ( Black ),Rs. 582,,,https://www.snapdeal.com/product/stylewear-women-georgette-aline-dress/648866322251#bcrumbSearch:long%20maxi%20dress
2026-01-25 07:05:14,Women Clothing,one piece dress,Ketch Women Polyester Solid Bodycon Dress ( Pink ),Rs. 219,4.0,https://g.sdlcdn.com/imgs/k/t/j/Ketch-Polyester-Blend-Solid-Mini-SDL476016167-1-551a3.jpg?w=220&h=258&sharp=7,https://www.snapdeal.com/product/ketch-polyester-blend-solid-mini/618916690557#bcrumbSearch:one%20piece%20dress
2026-01-25 07:05:14,Women Clothing,one piece dress,Ketch Women Polyester Embellished Bodycon Dress ( Brown ),Rs. 259,4.0,https://g.sdlcdn.com/imgs/k/v/y/Ketch-Polyester-Blend-Embellished-Mini-SDL409290189-1-a7600.jpg?w=220&h=258&sharp=7,https://www.snapdeal.com/product/ketch-polyester-blend-embellished-mini/644409806904#bcrumbSearch:one%20piece%20dress
2026-01-25 07:05:14,Women Clothing,one piece dress,THAWE PARIDHAN Women Lycra Solid Off Shoulder Dress ( Green ),Rs. 237,4.4,https://g.sdlcdn.com/imgs/k/6/3/THAWE-PARIDHAN-Women-Lycra-Solid-SDL809361615-1-b4605.png?w=220&h=258&sharp=7,https://www.snapdeal.com/product/thawe-paridhan-women-lycra-solid/5188147454013640438#bcrumbSearch:one%20piece%20dress
2026-01-25 07:05:14,Women Clothing,one piece dress,THAWE PARIDHAN Women Lycra Solid Off Shoulder Dress ( Red ),Rs. 237,4.4,https://g.sdlcdn.com/imgs/k/6/3/THAWE-PARIDHAN-Women-Lycra-Solid-SDL790891690-1-22571.png?w=220&h=258&sharp=7,https://www.snapdeal.com/product/thawe-paridhan-women-lycra-solid/5764608206317063926#bcrumbSearch:one%20piece%20dress
2026-01-25 07:05:14,Women Clothing,one piece dress,Miss Chase Women Polyester Solid Bodycon Dress ( Purple ),Rs. 672,,https://g.sdlcdn.com/imgs/l/a/b/Miss-Chase-Women-Polyester-Solid-SDL578090362-1-c6a49.jpg?w=220&h=258&sharp=7,https://www.snapdeal.com/product/miss-chase-women-polyester-solid/6917529667739448323#bcrumbSearch:one%20piece%20dress
2026-01-25 07:05:14,Women Clothing,one piece dress,Traquila Women Lycra Solid Bodycon Dress ( Black ),Rs. 355,3.8,https://g.sdlcdn.com/imgs/k/1/t/Traquila-Lycra-Solid-Knee-Length-SDL647952111-1-9a4e1.jpg?w=220&h=258&sharp=7,https://www.snapdeal.com/product/traquila-lycra-solid-knee-length/5764608150162492322#bcrumbSearch:one%20piece%20dress
2026-01-25 07:05:14,Women Clothing,one piece dress,Addyvero Women Spandex Solid Bodycon Dress ( Black ),Rs. 463,5.0,https://g.sdlcdn.com/imgs/k/3/4/Addyvero-Spandex-Solid-Knee-Length-SDL058158885-1-8f1ff.jpg?w=220&h=258&sharp=7,https://www.snapdeal.com/product/addyvero-spandex-solid-knee-length/5764608186616250129#bcrumbSearch:one%20piece%20dress
2026-01-25 07:05:14,Women Clothing,one piece dress,Traquila Women Lycra Solid Bodycon Dress ( Black ),Rs. 355,3.5,https://g.sdlcdn.com/imgs/k/1/o/Traquila-Lycra-Solid-Above-Knee-SDL757122989-4-ee37d.jpg?w=220&h=258&sharp=7,https://www.snapdeal.com/product/traquila-lycra-solid-above-knee/5764608155760438791#bcrumbSearch:one%20piece%20dress
2026-01-25 07:05:14,Women Clothing,one piece dress,Ketch Women Polyester Embellished Bodycon Dress ( Silver ),Rs. 259,3.5,,https://www.snapdeal.com/product/ketch-polyester-blend-embellished-mini/631452683462#bcrumbSearch:one%20piece%20dress
2026-01-25 07:05:14,Women Clothing,one piece dress,Tokyo Talkies Women Polyester Solid Skater Dress ( Pink ),Rs. 569,,,https://www.snapdeal.com/product/tokyo-talkies-women-polyester-blend/656553023268#bcrumbSearch:one%20piece%20dress
2026-01-25 07:05:20,Women Clothing,Women'S Clothing,Sheetal associates Women Polyester Printed Fit & Flare Dress ( Blue ),Rs. 357,4.6,https://g.sdlcdn.com/imgs/l/c/b/Sheetal-associates-Women-Polyester-Printed-SDL258048248-1-0f05f.jpg?w=220&h=258&sharp=7,https://www.snapdeal.com/product/sheetal-associates-women-polyester-printed/6917529674052345125#bcrumbSearch:women%20clothing|bcrumbLabelId:23
2026-01-25 07:05:20,Women Clothing,Women'S Clothing,AK FASHION MALL Women Georgette Printed A-line Dress ( Multicolor ),Rs. 438,3.7,https://g.sdlcdn.com/imgs/l/f/z/AK-FASHION-MALL-Women-Georgette-SDL235912700-1-3c71d.jpg?w=220&h=258&sharp=7,https://www.snapdeal.com/product/ak-fashion-mall-women-georgette/627493813414#bcrumbSearch:women%20clothing|bcrumbLabelId:23
2026-01-25 07:05:20,Women Clothing,Women'S Clothing,Outflits Viscose Shrugs - Off White Single,Rs. 370,4.0,https://g.sdlcdn.com/imgs/k/b/l/Outflits-Viscose-Shrugs-Off-White-SDL017409864-1-1844f.jpg?w=220&h=258&sharp=7,https://www.snapdeal.com/product/outflits-viscose-shrugs-off-white/681447740441#bcrumbSearch:women%20clothing|bcrumbLabelId:23
2026-01-25 07:05:20,Women Clothing,Women'S Clothing,wanquila Women Lycra Solid Bodycon Dress ( Beige ),Rs. 355,4.0,https://g.sdlcdn.com/imgs/k/7/x/wanquila-Women-Lycra-Solid-Bodycon-SDL974808219-1-603ae.png?w=220&h=258&sharp=7,https://www.snapdeal.com/product/wanquila-women-lycra-solid-bodycon/675565797231#bcrumbSearch:women%20clothing|bcrumbLabelId:23
2026-01-25 07:05:20,Women Clothing,Women'S Clothing,Sheetal associates Women Crepe Printed Shirt Dress ( Green ),Rs. 357,4.0,https://g.sdlcdn.com/imgs/l/b/t/Sheetal-associates-Women-Crepe-Printed-SDL775684857-1-7aee9.jpg?w=220&h=258&sharp=7,https://www.snapdeal.com/product/sheetal-associates-women-crepe-printed/656663562118#bcrumbSearch:women%20clothing|bcrumbLabelId:23
2026-01-25 07:05:20,Women Clothing,Women'S Clothing,Fabverse Women Lycra Solid Bodycon Dress ( Black ),Rs. 347,4.0,https://g.sdlcdn.com/imgs/l/b/h/Fabverse-Women-Lycra-Solid-Bodycon-SDL795202388-1-652c3.jpg?w=220&h=258&sharp=7,https://www.snapdeal.com/product/fabverse-women-lycra-solid-bodycon/648710504290#bcrumbSearch:women%20clothing|bcrumbLabelId:23
2026-01-25 07:05:21,Women Clothing,Women'S Clothing,FASZY Pack of 6 SPT-ADJ-P-6 Cotton Camisoles ( Multicolor 6 ),Rs. 323,4.5,https://g.sdlcdn.com/imgs/k/7/n/FASZY-Pack-of-6-SPT-SDL844034962-1-62f35.JPG?w=220&h=258&sharp=7,https://www.snapdeal.com/product/faszy-pack-of-6-sptadjp6/674456296973#bcrumbSearch:women%20clothing|bcrumbLabelId:23
2026-01-25 07:05:21,Women Clothing,Women'S Clothing,Sheetal associates Women Crepe Printed A-line Dress ( Orange ),Rs. 309,4.0,https://g.sdlcdn.com/imgs/k/8/q/Sheetal-associates-Women-Crepe-Printed-SDL163389268-1-a66c1.jpg?w=220&h=258&sharp=7,https://www.snapdeal.com/product/sheetal-associates-women-crepe-printed/661696553181#bcrumbSearch:women%20clothing|bcrumbLabelId:23
2026-01-25 07:05:21,Women Clothing,Women'S Clothing,RANILA Women Viscose Rayon Maternity Dress ( Multicolor ),Rs. 482,,,https://www.snapdeal.com/product/ranila-women-viscose-rayon-maternity/8070451159538989502#bcrumbSearch:women%20clothing|bcrumbLabelId:23
2026-01-25 07:05:21,Women Clothing,Women'S Clothing,Sheetal associates Women Crepe Printed Shirt Dress ( White ),Rs. 357,4.0,,https://www.snapdeal.com/product/sheetal-associates-women-crepe-printed/660659444299#bcrumbSearch:women%20clothing|bcrumbLabelId:23
2026-01-25 07:05:27,Women Clothing,"Women'S Western Wear
94170",Purys Polyester Blend Free Size Women's White Shrug,Rs. 391,4.3,https://g.sdlcdn.com/imgs/k/x/q/Purys-Polyester-Blend-Women-s-SDL632802928-1-fece8.jpg?w=220&h=258&sharp=7,https://www.snapdeal.com/product/purys-polyester-blend-womens-shrugs/629136684741#bcrumbSearch:women%20clothing|bcrumbLabelId:46139407
2026-01-25 07:05:28,Women Clothing,"Women'S Western Wear
94170",risemax Poly Cotton Women's Shrugs - Black ( Single ),Rs. 406,4.0,https://g.sdlcdn.com/imgs/k/2/m/risemax-Poly-Cotton-Women-s-SDL804644162-1-fa2ee.JPG?w=220&h=258&sharp=7,https://www.snapdeal.com/product/risemax-poly-cotton-womens-shrugs/639768699029#bcrumbSearch:women%20clothing|bcrumbLabelId:46139407
2026-01-25 07:05:28,Women Clothing,"Women'S Western Wear
94170",THAWE PARIDHAN Women Cotton Blend Printed Oversized Fit Round Neck T-Shirt ( White ),Rs. 228,3.6,https://g.sdlcdn.com/imgs/l/e/k/THAWE-PARIDHAN-Women-Cotton-Blend-SDL736191320-1-41a2d.jpeg?w=220&h=258&sharp=7,https://www.snapdeal.com/product/thawe-paridhan-women-cotton-blend/6917529690354988887#bcrumbSearch:women%20clothing|bcrumbLabelId:46139407
2026-01-25 07:05:28,Women Clothing,"Women'S Western Wear
94170",IDASS - Lycra Slim Fit Black Women's Jeggings ( Pack of 1 ),Rs. 343,4.3,https://g.sdlcdn.com/imgs/k/o/3/IDASS-Lycra-Slim-Fit-Black-SDL724371392-1-13143.png?w=220&h=258&sharp=7,https://www.snapdeal.com/product/idass-lycra-slim-fit-black/638889729412#bcrumbSearch:women%20clothing|bcrumbLabelId:46139407
2026-01-25 07:05:28,Women Clothing,"Women'S Western Wear
94170",My Stitches Women Cotton Blend Regular Fit Jegging,Rs. 530,4.2,https://g.sdlcdn.com/imgs/k/7/a/My-Stitches-Women-Cotton-Blend-SDL891633838-1-9e0fc.jpg?w=220&h=258&sharp=7,https://www.snapdeal.com/product/my-stitches-women-cotton-blend/660064971298#bcrumbSearch:women%20clothing|bcrumbLabelId:46139407
2026-01-25 07:05:28,Women Clothing,"Women'S Western Wear
94170",DTR FASHION Peach Cotton Blend Striped Tracksuit - Pack of 1,Rs. 484,4.3,https://g.sdlcdn.com/imgs/k/z/x/DTR-FASHION-Peach-Cotton-Blend-SDL385325445-1-7cdd0.jpg?w=220&h=258&sharp=7,https://www.snapdeal.com/product/dtr-fashion-peach-cotton-blend/660862077951#bcrumbSearch:women%20clothing|bcrumbLabelId:46139407
2026-01-25 07:05:28,Women Clothing,"Women'S Western Wear
94170",Fasanger Women's Printed Cotton Blend Dungarees ( Yellow ),Rs. 311,4.3,https://g.sdlcdn.com/imgs/k/5/m/Fasanger-Women-s-Printed-Cotton-SDL556095397-1-0e0a8.jpg?w=220&h=258&sharp=7,https://www.snapdeal.com/product/fasanger-womens-printed-cotton-blend/683863727181#bcrumbSearch:women%20clothing|bcrumbLabelId:46139407
2026-01-25 07:05:28,Women Clothing,"Women'S Western Wear
94170",The Dry State - Blue Cotton Blend Regular Fit Women's Jumpsuit ( Pack of 1 ),Rs. 467,4.1,https://g.sdlcdn.com/imgs/k/m/6/The-Dry-State-Blue-Cotton-SDL925846621-1-80407.jpg?w=220&h=258&sharp=7,https://www.snapdeal.com/product/the-dry-state-blue-cotton/680866963129#bcrumbSearch:women%20clothing|bcrumbLabelId:46139407
2026-01-25 07:05:28,Women Clothing,"Women'S Western Wear
94170",ekadravin Women Cotton Printed Oversized Fit Round Neck T-Shirt ( Black ),Rs. 250,4.1,,https://www.snapdeal.com/product/ekadravin-pack-of-1-cotton/628723273630#bcrumbSearch:women%20clothing|bcrumbLabelId:46139407
2026-01-25 07:05:28,Women Clothing,"Women'S Western Wear
94170",Fasanger Cotton Lycra Women's Shrugs - Yellow ( ),Rs. 238,4.3,,https://www.snapdeal.com/product/fasanger-cotton-lycra-womens-shrugs/633254746528#bcrumbSearch:women%20clothing|bcrumbLabelId:46139407
2026-01-25 07:05:34,Women Clothing,"Women'S Winter Wear
9874",STYLE MART Women Cotton Fleece Round Neck Pullover ( Black ),Rs. 312,4.8,https://g.sdlcdn.com/imgs/l/d/0/STYLE-MART-Women-Cotton-Fleece-SDL636542638-1-6fdfe.jpg?w=220&h=258&sharp=7,https://www.snapdeal.com/product/style-mart-women-cotton-fleece/8070451165729221210#bcrumbSearch:women%20clothing|bcrumbLabelId:2240
2026-01-25 07:05:34,Women Clothing,"Women'S Winter Wear
9874",STYLE MART Women Fleece Round Neck Sweatshirt For Light Winters ( Black ),Rs. 394,4.2,https://g.sdlcdn.com/imgs/l/c/k/STYLE-MART-Women-Fleece-Round-SDL202827063-1-c79c6.jpg?w=220&h=258&sharp=7,https://www.snapdeal.com/product/style-mart-women-fleece-round/678853882907#bcrumbSearch:women%20clothing|bcrumbLabelId:2240
2026-01-25 07:05:34,Women Clothing,"Women'S Winter Wear
9874",DTR FASHION Peach Cotton Blend Striped Tracksuit - Pack of 1,Rs. 484,4.3,https://g.sdlcdn.com/imgs/k/z/x/DTR-FASHION-Peach-Cotton-Blend-SDL385325445-1-7cdd0.jpg?w=220&h=258&sharp=7,https://www.snapdeal.com/product/dtr-fashion-peach-cotton-blend/660862077951#bcrumbSearch:women%20clothing|bcrumbLabelId:2240
2026-01-25 07:05:35,Women Clothing,"Women'S Winter Wear
9874",CUBIQ Blue Cotton Blend Solid Tracksuit - Pack of 1,Rs. 530,4.1,https://g.sdlcdn.com/imgs/k/1/3/CUBIQ-Blue-Cotton-Blend-Solid-SDL834410204-1-af13b.jpg?w=220&h=258&sharp=7,https://www.snapdeal.com/product/cubiq-peach-cotton-blend-solid/623419161303#bcrumbSearch:women%20clothing|bcrumbLabelId:2240
2026-01-25 07:05:35,Women Clothing,"Women'S Winter Wear
9874",CHAYSLER Women Hooded Bomber Jacket ( Black ),Rs. 654,4.4,https://g.sdlcdn.com/imgs/l/c/8/CHAYSLER-Women-Hooded-Bomber-Jacket-SDL542482914-1-efaba.jpg?w=220&h=258&sharp=7,https://www.snapdeal.com/product/chaysler-women-hooded-bomber-jacket/5188147410817474878#bcrumbSearch:women%20clothing|bcrumbLabelId:2240
2026-01-25 07:05:35,Women Clothing,"Women'S Winter Wear
9874",Generic KUNZ COLLECTION Women Fleece Round Neck Sweatshirt For Light Winters ( Maroon ),Rs. 303,3.9,https://g.sdlcdn.com/imgs/l/d/w/Generic-KUNZ-COLLECTION-Women-Fleece-SDL529538850-1-7e1ad.jpeg?w=220&h=258&sharp=7,https://www.snapdeal.com/product/generic-kunz-collection-women-fleece/649987035217#bcrumbSearch:women%20clothing|bcrumbLabelId:2240
2026-01-25 07:05:35,Women Clothing,"Women'S Winter Wear
9874",STYLE MART Women Fleece Round Neck Sweatshirt For Light Winters ( Maroon ),Rs. 332,4.8,https://g.sdlcdn.com/imgs/l/f/u/STYLE-MART-Women-Fleece-Round-SDL866610851-1-c0d23.jpg?w=220&h=258&sharp=7,https://www.snapdeal.com/product/style-mart-women-fleece-round/5764608179493640788#bcrumbSearch:women%20clothing|bcrumbLabelId:2240
2026-01-25 07:05:35,Women Clothing,"Women'S Winter Wear
9874",VEAMOS Women High Neck Puffer Jacket ( Black ),Rs. 582,3.5,https://g.sdlcdn.com/imgs/l/f/5/VEAMOS-Women-High-Neck-Puffer-SDL206868322-1-6feb3.jpg?w=220&h=258&sharp=7,https://www.snapdeal.com/product/veamos-women-high-neck-puffer/661125974401#bcrumbSearch:women%20clothing|bcrumbLabelId:2240
2026-01-25 07:05:35,Women Clothing,"Women'S Winter Wear
9874",Lecowar Women Fleece Hooded Sweatshirt For ( Maroon ),Rs. 414,3.8,,https://www.snapdeal.com/product/lecowar-fleece-womens-zippered-sweatshirt/7493990449606991276#bcrumbSearch:women%20clothing|bcrumbLabelId:2240
2026-01-25 07:05:35,Women Clothing,"Women'S Winter Wear
9874",zigo Women Woollen V-Neck Cardigan ( Navy ),Rs. 682,,,https://www.snapdeal.com/product/zigo-woollen-navy-buttoned-cardigans-/622703429011#bcrumbSearch:women%20clothing|bcrumbLabelId:2240
