Scraped At,Section,Product Name,Discount,Rating
2026-02-15,Accessories,Blubby Multi Clutcher ( Pack of 1 ),23,4.1
2026-02-15,Accessories,JAGIRA DIVINE TOUCH Multicolor Plastic Storage Racks ( Pack of 1 ),19,2.0
2026-02-15,Accessories,AUTOGROOMZ Windshield Only Double Clamp Car Mobile Holder - Black,9,1.9
2026-02-15,Accessories,QitmirMKT NEW KEYCHAIN LIGHTER WITH HIGH POWER LIGHT Multicolor Multipurpose Car Cigarette Lighter ( Pack of 1 ),36,4.1
2026-02-15,Accessories,"Portronics Clamp M3 Adjustable Car Mobile Phone Holder Stand for Dashboard & Windshield, 360degree Rotational, Strong Suction Cup, Compatible with 4 to 6 inch Devices(Black)",12,1.5
2026-02-15,Accessories,"delhideals Indian Flag for Car Dashboard, Office Table, Study Table & Drawing Table",22,3.3
2026-02-15,Accessories,"5 In 1 Multi Pin Universal Portable Adapter And Car Mobile Charging Cable For (iPhone,Type C and Micro USB)",16,4.2
2026-02-15,Accessories,CRAYLUXE Accu Pressure Bead Back / Lumbar Support Single Black,47,1.2
2026-02-15,Accessories,"GEEO Universal Car Steering Knob, Car Steering Wheel Knob, Steering Wheel Spinner Knob, 360° Rotation Booster (3R Original)",24,2.7
2026-02-15,Accessories,Car Ashtrays Multi Color,33,4.0
2026-02-15,Accessories,Aksmit Premium Metal Key Cover Compitable for Maruti Suzuki Ignis,49,3.5
2026-02-15,Accessories,GEEO Accu Pressure Bead Back / Lumbar Support Single Black,11,1.6
2026-02-15,Accessories,Vertical9 Car Mobile Charger 3_in_1 cable Multicolour,26,2.9
2026-02-15,Accessories,Tender care Memory Foam Back / Lumbar Support Single Black,6,4.2
2026-02-15,Accessories,Digital Car Dashboard Alarm Clock and Stopwatch With Flexible Stand,5,3.8
2026-02-15,Accessories,"Aksmit Pack of -1 Car Gear Knob Protector Gear Shifter Cover for Anti-Scratch Car Gear Knob Cover and Dust Proof Nonslip Gear Cover for Car Universal Fit Silicon Car Gear Knob Stylish- Black, Silicone Rubber",42,2.2
2026-02-15,Accessories,Ezybe Self Adhesive Kichen Shelf Light Blue Plastic Storage Racks (Pack of 2),18,4.1
2026-02-15,Accessories,"Aksmit Waterproof and Non-slip Leather Floor Mats, Car Floor Mat Accessories, Black gold",21,2.4
2026-02-15,Accessories,Aksmit 4 Pieces 12 LED DC 12V Multicolour Music Car Strip Atmosphere Lamp Light for Car Interior Under Dash Lighting Kit with Sound Active Function and Wireless Control,23,4.1
2026-02-15,Accessories,"TANTRA Car Armrest Cover Cushion with 2 Storage Bags - Soft, Comfortable, Non-Slip Protector for Vehicle Center Console - Waterproof, Durable, and Stylish",32,4.2
2026-02-15,Accessories,Anshri White Plastic Storage Racks ( Pack of 4 ),10,4.3
2026-02-15,Accessories,Blubby Multi Rubber Band ( Pack of 30 ),10,1.3
2026-02-15,Accessories,RONISH Steering Cover Leatherite,31,1.9
2026-02-15,Accessories,mahek accessories for Headrest Black,33,1.4
2026-02-15,Accessories,"TANTRA Car Armrest Cover Cushion with 2 Storage Bags - Soft, Comfortable, Non-Slip Protector for Vehicle Center Console - Waterproof, Durable, and Stylish",20,1.8
2026-02-15,Accessories,Sonal Brown Plastic Storage Racks ( Pack of 1 ),14,4.4
2026-02-15,Accessories,RONISH Neck Cushions Set of 2 Black,53,1.9
2026-02-15,Accessories,12 LED Multicolor Music Controlled Sound Activated for Car Interior Atmosphere Light (Works with All Cars) Pack Of-1,36,3.6
2026-02-15,Accessories,Anshri White Plastic Kitchen Dispenser ( Pack of 2 ),30,2.3
2026-02-15,Accessories,"48Inch Ice Blue & Red DRL LED Brake with Side Turn Signal & Parking Indication Trunk,Boot,Dicky Light For Innova 2005-12",40,2.3
2026-02-15,Accessories,AKSMIT Dashboard Fan Black,51,2.8
2026-02-15,Accessories,"Premium Car Seat Belt Cover - Comfort & Safety Enhancer - Adjustable, Soft, & Stylish - Universal Fit for All Vehicles",28,3.7
2026-02-15,Accessories,Bhavyta Night Vision Visor Plastic Yellow,13,3.5
2026-02-15,Accessories,CarFrill Gear Knob Silicone for 5 Speed Gear,32,1.8
2026-02-15,Accessories,4 Color 17 CM DRL Strip,28,2.0
2026-02-15,Accessories,CarFrill Gear Knob Metallic for 5 Speed Gear,55,4.4
2026-02-15,Accessories,"4pcs Universal Fit Magnetic Car Side Window Curtains, Foldable Car Window Privacy Curtains Sunshade Side Magnet Pleated - Removable - Keeps Cooler Screen for Baby (Car Curtain-Black)",20,4.0
2026-02-15,Accessories,KP Mart Electronic Kitchen Digital Weighing Scale Multipurpose 10 Kg (SF 400A),27,1.3
2026-02-15,Accessories,"Portronics Car Power 5 Car Charger with Dual USB Ports ,Black (POR 1345) wihtout cable",28,3.6
2026-02-15,Accessories,RONISH Steering Cover Leatherite,51,2.6
2026-02-15,Accessories,RONISH Steering Cover Leatherite,29,1.3
2026-02-15,Accessories,star light for car interior,54,2.8
2026-02-15,Accessories,Rhosyn Gold Women's Hair Clip ( Pack of 1 ),41,4.4
2026-02-15,Accessories,"Car Sunshade Windshield Cover, Umbrella Windshield Sunshade for Car Front Window Sun Protection & Heat Insulation Foldable Sun Shade Full Cover Sunshade for Most Vehicles,",10,4.3
2026-02-15,Accessories,JVG Neck Cushions Set of 2 Black,10,3.1
2026-02-15,Accessories,Winstar - Silver Stainless Steel Wall mount Stand ( Pack of 1 ),33,3.1
2026-02-15,Accessories,swanoll Light Grey Plastic Kitchen Trolleys ( Pack of 1 ),36,4.6
2026-02-15,Accessories,"KP Mart Multi Functional Makeup Storage Box with Holder Dust Proof Cosmetic Organizer Water Proof Box for Desktop Bathroom, Dresser, Vanity and Countertop Cosmetic Box Plastic",54,3.8
2026-02-15,Accessories,"Portronics 51W Car Power 16 Fast Car Charger with Dual Output, 51 Watts Total (18W USB + 33W Type C PD), Fast Charging, Adapter for iPhone & Android Smartphones and Tablets (Black)",38,2.1
2026-02-15,Accessories,Anshri Silver Steel Kitchen Cloth Hook ( Pack of 2 ),5,2.7
2026-02-15,Accessories,SWASTICK Black Stainless Steel Storage Racks ( Pack of 2 ),11,4.2
2026-02-15,Accessories,Crust Laptop Charger / Inverter N80 Black,10,4.1
2026-02-15,Accessories,"Masala Rangoli Box Dabba for Keeping Spices, Spice Box for Kitchen, Plastic Wooden Style Masala Box, Masala Container, Masala Dabba",6,2.6
2026-02-15,Accessories,"KTU Car Plastic Backseat Headrest Hook/Hanger Universal Durable Organiser Space Saver for Handbag, Wallets, Grocery Bags (Black, Pack of 4)",28,1.8
2026-02-15,Accessories,"SIAGO Premium Car Keys Keychain - Durable Metal Key Holder for Cars, Bike Key Chain",21,3.5
2026-02-15,Accessories,SPIX Black Stainless Steel Storage Racks ( Pack of 2 ),47,4.1
2026-02-15,Accessories,Tantra Cup & Can Holder for Front Seat Side Black,15,4.6
2026-02-15,Accessories,Metal Silicon Key Cover Compatible with Maruti Suzuki jimny Baleno Grand Vitara XL6 Swift New Brezza Ertiga Dzire 3 Button Smart Key Special Feature Visibilitye in Low-Ligh Conditions,16,1.2
2026-02-15,Accessories,"Valdez Silicon Car Key Cover Shell for maruti suzuki swift, dzire, baleno, ertiga",6,2.5
2026-02-15,Accessories,RONISH Steering Cover Leatherite,33,1.7
2026-02-15,Footwear,Cozy Wear Brown Men's Daily Slipper,39,4.0
2026-02-15,Footwear,Xtoon Grey Men's Outdoor Shoes,20,2.6
2026-02-15,Footwear,AROTEK Grey Men's Daily Slipper,41,2.5
2026-02-15,Footwear,Citipiti ind. Green Women's Flats,33,2.5
2026-02-15,Footwear,Shoetopia Beige Women's Sandal Heels,33,2.8
2026-02-15,Footwear,Cozy Wear Black Men's Daily Slipper,31,1.3
2026-02-15,Footwear,YOU LIkE Brown Men's Derby Formal Shoes,49,2.1
2026-02-15,Footwear,FUSEOWL Maroon Women's Flip Flop,54,3.1
2026-02-15,Footwear,PERY PAO Blue Men's Slide Flip Flop,12,3.1
2026-02-15,Footwear,YNP Design Collections Brown Women's Ethnic Ballerinas,45,4.3
2026-02-15,Footwear,Campus Oxyfit (N) Navy Blue Men's Slip-on Shoes,31,2.0
2026-02-15,Footwear,Cozy Wear Olive Men's Daily Slipper,41,2.8
2026-02-15,Footwear,hanuco Height Increasing Insoles,16,2.7
2026-02-15,Footwear,Radhe Creation Cream Polish Suitable for Black Color,37,3.0
2026-02-15,Footwear,Z Brown Men's Slide Flip Flop,36,4.3
2026-02-15,Footwear,WildProducts All Type Shoes Cleaner,36,1.6
2026-02-15,Footwear,PENNEN Green Women's Flats,49,2.4
2026-02-15,Footwear,BEE U NIK Black Men's Thong Flip Flop,8,3.0
2026-02-15,Footwear,Squash Black Men's Thong Flip Flop,20,3.6
2026-02-15,Footwear,secritas Boys & Girls Slip On Slipper Flip Flop,37,2.4
2026-02-15,Footwear,lyvi Black Men's Daily Slipper,39,2.6
2026-02-15,Footwear,Xtoon Multi Color Men's Korean Shoes,15,4.8
2026-02-15,Footwear,LiteHawks Green Men's Daily Slipper,21,2.3
2026-02-15,Footwear,Paduki Silver Women's Flats,55,2.8
2026-02-15,Footwear,Dream Makers - Black Women's Sandal Heels,48,4.5
2026-02-15,Footwear,Cozy Wear Black Men's Daily Slipper,6,4.6
2026-02-15,Footwear,Leeport - Black Men's Slip On Formal Shoes,43,4.1
2026-02-15,Footwear,FUSEOWL Purple Women's Toe Covered Flip Flop,12,3.1
2026-02-15,Footwear,Shoetopia Black Women's Casual Ballerinas,50,4.4
2026-02-15,Footwear,hanuco Orthopaedic Insoles,22,1.8
2026-02-15,Footwear,Densu Black Men's Korean Shoes,10,3.3
2026-02-15,Footwear,Prolific - Black Men's Driving loafers,27,1.7
2026-02-15,Footwear,PENNEN White Men's Lifestyle Shoes,37,1.6
2026-02-15,Footwear,ROGZI Cream Polish Suitable for Neutral Color,47,2.9
2026-02-15,Footwear,ZYPSO Zypso Men?s Grey Synthetic Grey Men's Lifestyle Shoes,42,4.3
2026-02-15,Footwear,PENNEN White Men's Lifestyle Shoes,27,2.2
2026-02-15,Footwear,Altek PeachPuff Women's Flats,8,3.0
2026-02-15,Footwear,"ADISO Trendy ,outdoor stylish casual White Men's Outdoor Shoes",52,4.1
2026-02-15,Footwear,Seafoot White Men's Outdoor Shoes,53,3.3
2026-02-15,Footwear,HANSWING Liquid Polish Suitable for Neutral Color,52,2.6
2026-02-15,Footwear,Stylestry Silver Women's Flats,12,4.2
2026-02-15,Footwear,Stylestry Silver Women's Sandal Heels,11,3.0
2026-02-15,Footwear,KATENIA - Black Men's Oxford Formal Shoes,24,2.2
2026-02-15,Footwear,FUSEOWL Light Grey Women's Toe Covered Flip Flop,10,3.6
2026-02-15,Footwear,YNP Design Collections Black Women's Ethnic Ballerinas,17,4.4
2026-02-15,Footwear,ROGZI Liquid Polish Suitable for Black Color,16,4.7
2026-02-15,Footwear,Bersache - Light Grey Boy's Clogs ( 1 Pair ),16,4.2
2026-02-15,Footwear,Paduki Gray Women's Flats,41,1.3
2026-02-15,Footwear,PENNEN Blue Women's Flats,26,4.0
2026-02-15,Footwear,Paduki Gold Women's Flats,50,3.2
2026-02-15,Footwear,Citipiti ind. Gray Women's Flats,49,1.6
2026-02-15,Footwear,MAAN Black Women's Gladiators Flats,11,4.8
2026-02-15,Footwear,Altek Silver Women's Flats,21,3.0
2026-02-15,Footwear,Modern Stylish Kids Girls Casual Partywear Soft Padded Sandals,12,4.8
2026-02-15,Footwear,KHADIM Beige Flats,20,3.4
2026-02-15,Footwear,IKAGI Brown Women's Flats,43,1.8
2026-02-15,Footwear,Stylestry Black Women's Flats,36,3.0
2026-02-15,Footwear,Altek Green Women's Flats,47,4.0
2026-02-15,Footwear,IndiForce Black Women's Flats,21,4.4
2026-02-15,Footwear,ICONIC ME - Purple Girl's LED Shoes ( 1 Pair ),29,2.6
2026-02-15,Kids Fashion,Cool and NIce kids Multi color Bermuda pack of 5,19,4.8
2026-02-15,Kids Fashion,"A.W.A KIDS FASHION Cotton Frock For Girls ( Pack of 1 , Blue )",50,2.8
2026-02-15,Kids Fashion,"A.W.A KIDS FASHION Cotton Blend Frock For Girls ( Pack of 1 , Pink )",46,3.0
2026-02-15,Kids Fashion,"A.W.A KIDS FASHION Cotton Blend Frock For Girls ( Pack of 1 , Light Blue )",23,4.1
2026-02-15,Kids Fashion,"Villata fashion Net Frock For Girls ( Pack of 1 , White )",39,2.5
2026-02-15,Kids Fashion,"Arshia Fashions Girls Cotton Blend Kurti with Sharara ( Pack of 1 , Pink )",8,4.6
2026-02-15,Kids Fashion,"Arshia Fashions Polyester Shirt Dress For Girls ( Pack of 1 , Multicolor )",15,1.8
2026-02-15,Kids Fashion,"Nios Fashion Girls Cotton Polyester Jeans ( Pack of 2 , Multicolor 1 )",29,3.2
2026-02-15,Kids Fashion,"PMD Fashion Net Lehenga Choli Set For Girls ( Pack of 1 , Charcoal )",5,2.7
2026-02-15,Kids Fashion,NI FASHION Pack of 1 Boys Cotton Blend T-Shirt ( Green ),5,3.4
2026-02-15,Kids Fashion,s muktar garments - Green Cotton Blend Boys Professional Costume ( Pack of 1 ),41,4.4
2026-02-15,Kids Fashion,"Villata fashion Net Frock For Girls ( Pack of 1 , Red )",51,3.1
2026-02-15,Kids Fashion,"Arshia Fashions Net Lehenga Choli Set For Girls ( Pack of 1 , Green )",22,2.7
2026-02-15,Kids Fashion,KASEERA CUTE STYLISH AND TRENDING KIDS GYM VEST PACK OF 5,28,4.3
2026-02-15,Kids Fashion,"Arshia Fashions Cotton Blend Shirt Dress For Girls ( Pack of 1 , Blue )",32,2.8
2026-02-15,Kids Fashion,"Villata fashion Net Frock For Girls ( Pack of 1 , Red )",11,4.2
2026-02-15,Kids Fashion,NAYPAL FASHION STYLE Pack of 1 Boys & Girls Cotton Blend T-Shirt ( Pink ),10,3.2
2026-02-15,Kids Fashion,"A.W.A KIDS FASHION Cotton Blend Frock For Girls ( Pack of 1 , Green )",16,3.4
2026-02-15,Kids Fashion,"Villata fashion Net Frock For Girls ( Pack of 1 , Red )",51,3.0
2026-02-15,Kids Fashion,"Arshia Fashions Polyester Blend Frock For Girls ( Pack of 1 , Red )",49,4.0
2026-02-15,Kids Fashion,"Villata fashion Net Frock For Girls ( Pack of 1 , Blue )",20,4.6
2026-02-15,Kids Fashion,"Arshia Fashions Net Lehenga Choli Sets For Girls ( , Blue )",40,2.3
2026-02-15,Kids Fashion,"Arshia Fashions Girls Cotton Blend Patiala Kurta Set ( Pack of 1 , Green )",43,3.7
2026-02-15,Kids Fashion,"Nios Fashion Girls Cotton Polyester Jeans ( Pack of 2 , Multicolor 4 )",34,4.5
2026-02-15,Kids Fashion,"A.W.A KIDS FASHION Cotton Blend Frock For Girls ( Pack of 1 , Red )",10,3.5
2026-02-15,Kids Fashion,NI FASHION Pack of 1 Boys Cotton Blend Polo T-Shirt ( White ),45,1.5
2026-02-15,Kids Fashion,NI FASHION Pack of 1 Boys Cotton Blend T-Shirt ( Red ),12,4.4
2026-02-15,Kids Fashion,"Villata fashion Net Frock For Girls ( Pack of 1 , Red )",23,4.6
2026-02-15,Kids Fashion,NI FASHION Pack of 1 Boys Cotton Blend T-Shirt ( Navy Blue ),19,2.5
2026-02-15,Kids Fashion,"PMD Fashion Net Lehenga Choli Set For Girls ( Pack of 1 , Wine )",55,4.2
2026-02-15,Kids Fashion,"Arshia Fashions Polyester Fit And Flare Dress For Girls ( Pack of 1 , Blue )",36,1.8
2026-02-15,Kids Fashion,"Villata fashion Net Frock For Girls ( Pack of 1 , White )",44,1.9
2026-02-15,Kids Fashion,"Villata fashion Net Frock For Girls ( Pack of 1 , White )",9,4.1
2026-02-15,Kids Fashion,Shiv Fashion Pack of 1 Boys Cotton Blend T-Shirt & Trackpants Set ( Green ),39,1.9
2026-02-15,Kids Fashion,"Arshia Fashions Polyester Fit And Flare Dress For Girls ( Pack of 1 , Purple )",7,4.4
2026-02-15,Kids Fashion,"Villata fashion Net Frock For Girls ( Pack of 1 , Pink )",23,1.8
2026-02-15,Kids Fashion,"Arshia Fashions Net Lehenga Choli Sets For Girls ( , Red )",14,2.3
2026-02-15,Kids Fashion,NI FASHION Pack of 1 Boys Cotton Blend T-Shirt ( Maroon ),50,2.6
2026-02-15,Kids Fashion,"Niicce Fashion Cotton Blend Dress For Girls ( Pack of 1 , Multicolor )",17,1.4
2026-02-15,Kids Fashion,"samjho fashion Net Gown For Girls ( Pack of 1 , Pink )",15,4.5
2026-02-15,Kids Fashion,"Villata fashion Net Frock For Girls ( Pack of 1 , Pink )",40,2.4
2026-02-15,Kids Fashion,"Nios Fashion Girls Cotton Polyester Jeans ( Pack of 2 , Multicolor 3 )",50,2.8
2026-02-15,Kids Fashion,NI FASHION Pack of 1 Boys Cotton Blend T-Shirt ( Purple ),34,4.0
2026-02-15,Kids Fashion,"Villata fashion Net Frock For Girls ( Pack of 1 , Blue )",51,4.1
2026-02-15,Kids Fashion,"PMD Fashion Net Lehenga Choli Set For Girls ( Pack of 1 , Rust )",14,4.2
2026-02-15,Kids Fashion,NI FASHION Pack of 1 Boys Cotton Blend T-Shirt ( Light Green ),48,4.7
2026-02-15,Kids Fashion,"Villata fashion Net Frock For Girls ( Pack of 1 , Red )",40,4.3
2026-02-15,Kids Fashion,Arshia Fashions Boys Cotton Yellow Kurta Pant Set ( Pack of 1 ),20,3.1
2026-02-15,Kids Fashion,"Villata fashion Net Frock For Girls ( Pack of 1 , Pink )",9,2.8
2026-02-15,Kids Fashion,"Dhvra Fashion Girls Georgette Kurti with Palazzo ( Pack of 1 , BLUE )",42,3.6
2026-02-15,Kids Fashion,"Villata fashion Net Frock For Girls ( Pack of 1 , Sky Blue )",19,4.7
2026-02-15,Kids Fashion,"samjho fashion Net Frock For Baby Girls ( Pack of 1 , Green )",17,2.0
2026-02-15,Kids Fashion,NI FASHION Pack of 1 Boys Cotton Blend T-Shirt ( Black ),6,2.2
2026-02-15,Kids Fashion,"A.W.A KIDS FASHION Cotton Blend Frock For Girls ( Pack of 1 , Black )",44,2.5
2026-02-15,Kids Fashion,"Villata fashion Net Frock For Girls ( Pack of 1 , Pink )",35,4.7
2026-02-15,Kids Fashion,"Arshia Fashions Baby Girls Cotton Blend Kurti with Salwar ( Pack of 1 , Green )",42,2.4
2026-02-15,Kids Fashion,NI FASHION Pack of 1 Boys Cotton Blend T-Shirt ( Sky Blue ),34,1.5
2026-02-15,Kids Fashion,"Nios Fashion Girls Cotton Polyester Jeans ( Pack of 2 , Multicolor 5 )",51,4.3
2026-02-15,Kids Fashion,Shiv Fashion Pack of 1 Boys Cotton Blend T-Shirt & Trackpants Set ( Red ),33,4.5
2026-02-15,Kids Fashion,"Villata fashion Net Frock For Girls ( Pack of 1 , Pink )",49,3.0
2026-02-15,Men Clothing,AZF Nylon Men's Casual Jacket - Wine ( Pack of 1 ),21,2.0
2026-02-15,Men Clothing,Mashaykh Polyester Men's Windcheater Jacket - Black ( Pack of 1 ),26,1.6
2026-02-15,Men Clothing,Montrez Cotton Blend Men's Casual Jacket - White ( Pack of 1 ),12,2.9
2026-02-15,Men Clothing,FTX Denim Men's Denim Jacket - Light Blue ( Pack of 1 ),25,2.6
2026-02-15,Men Clothing,Christy World Polyester Men's Casual Jacket - Black ( Pack of 1 ),24,2.0
2026-02-15,Men Clothing,Reya Cotton Blend Men's Casual Jacket - Maroon ( Pack of 1 ),55,2.3
2026-02-15,Men Clothing,TAZO Nylon Men's Windcheater Jacket - Blue ( Pack of 1 ),30,1.7
2026-02-15,Men Clothing,Mashaykh Polyester Men's Windcheater Jacket - White ( Pack of 1 ),19,4.3
2026-02-15,Men Clothing,Rigo Polyester Men's Puffer Jacket - Grey ( Pack of 1 ),11,2.5
2026-02-15,Men Clothing,TrendsTalk Nylon Men's Windcheater Jacket - Blue ( Pack of 1 ),53,1.6
2026-02-15,Men Clothing,IF-INDIAN FORT Polyester Men's Quilted & Bomber Jacket - Navy ( Pack of 1 ),32,3.2
2026-02-15,Men Clothing,eddicted Polyester Men's Puffer Jacket - Blue ( Pack of 1 ),39,3.4
2026-02-15,Men Clothing,yellow tree Polyester Men's Casual Jacket - White ( Pack of 1 ),50,2.4
2026-02-15,Men Clothing,Reya Cotton Blend Men's Casual Jacket - Black ( Pack of 1 ),32,1.8
2026-02-15,Men Clothing,eddicted Nylon Men's Biker Jacket - Grey ( Pack of 1 ),38,2.1
2026-02-15,Men Clothing,Montrez Cotton Blend Men's Casual Jacket - Olive ( Pack of 1 ),15,4.3
2026-02-15,Men Clothing,Forbro Nylon Men's Windcheater Jacket - Maroon ( Pack of 1 ),43,2.3
2026-02-15,Men Clothing,Rigo Fleece Men's Casual Jacket - Grey ( Pack of 1 ),53,1.8
2026-02-15,Men Clothing,eddicted Polyester Men's Puffer Jacket - Navy Blue ( Pack of 1 ),41,3.9
2026-02-15,Men Clothing,TAZO Nylon Men's Casual Jacket - Grey ( Pack of 1 ),46,4.5
2026-02-15,Men Clothing,Forbro Nylon Men's Windcheater Jacket - Black ( Pack of 1 ),41,4.2
2026-02-15,Men Clothing,Montrez Cotton Blend Men's Casual Jacket - Yellow ( Pack of 1 ),42,3.5
2026-02-15,Men Clothing,yellow tree Polyester Men's Casual Jacket - Multicolor ( Pack of 1 ),27,4.5
2026-02-15,Men Clothing,AZF Nylon Men's Windcheater Jacket - Dark Grey ( Pack of 1 ),36,1.9
2026-02-15,Men Clothing,Eyebogler Polyester Men's Windcheater Jacket - Grey ( Pack of 1 ),30,2.7
2026-02-15,Men Clothing,TrendsTalk Nylon Men's Windcheater Jacket - Gold ( Pack of 1 ),38,1.4
2026-02-15,Men Clothing,AZF Nylon Men's Windcheater Jacket - Olive ( Pack of 1 ),8,2.7
2026-02-15,Men Clothing,yellow tree Polyester Men's Casual Jacket - Black ( Pack of 1 ),48,3.8
2026-02-15,Men Clothing,Christy World Nylon Men's Windcheater Jacket - Black ( Pack of 1 ),45,1.7
2026-02-15,Men Clothing,eddicted Polyester Men's Quilted & Bomber Jacket - Maroon ( Pack of 1 ),29,4.6
2026-02-15,Men Clothing,Mashaykh Polyester Men's Windcheater Jacket - Multicolor 2 ( Pack of 1 ),30,4.5
2026-02-15,Men Clothing,AZF Nylon Men's Windcheater Jacket - Navy ( Pack of 1 ),5,1.7
2026-02-15,Men Clothing,Forbro Nylon Men's Windcheater Jacket - White ( Pack of 1 ),26,1.5
2026-02-15,Men Clothing,freaks Polyester Men's Biker Jacket - Black ( Pack of 1 ),10,3.7
2026-02-15,Men Clothing,eddicted Polyester Men's Windcheater Jacket - Grey ( Pack of 1 ),13,1.3
2026-02-15,Men Clothing,Leotude Fleece Men's Casual Jacket - Mustard ( Pack of 1 ),39,1.9
2026-02-15,Men Clothing,4B Nylon Men's Windcheater Jacket - Black ( Pack of 1 ),55,4.0
2026-02-15,Men Clothing,Mashaykh Polyester Men's Windcheater Jacket - Multicolor 1 ( Pack of 1 ),40,3.7
2026-02-15,Men Clothing,MAYKR Polyester Men's Windcheater Jacket - Grey ( Pack of 1 ),34,4.7
2026-02-15,Men Clothing,Reya Cotton Blend Men's Casual Jacket - Blue ( Pack of 1 ),48,4.4
2026-02-15,Men Clothing,SCOLLER Polyester Men's Windcheater Jacket - Navy Blue ( Pack of 1 ),15,3.7
2026-02-15,Men Clothing,FTX Fleece Men's Casual Jacket - Mustard ( Pack of 1 ),9,3.7
2026-02-15,Men Clothing,Reya Cotton Blend Men's Casual Jacket - Blue ( Pack of 1 ),39,1.3
2026-02-15,Men Clothing,MAYKR Polyester Men's Windcheater Jacket - White ( Pack of 1 ),52,1.6
2026-02-15,Men Clothing,Dollar Polyester Men's Windcheater Jacket - Grey Melange ( Pack of 1 ),18,1.8
2026-02-15,Men Clothing,4B Nylon Men's Windcheater Jacket - White ( Pack of 1 ),5,2.7
2026-02-15,Men Clothing,Leotude Fleece Men's Casual Jacket - Yellow ( Pack of 1 ),32,2.7
2026-02-15,Men Clothing,The Dry State Denim Men's Denim Jacket - Blue ( Pack of 1 ),51,2.7
2026-02-15,Men Clothing,SCOLLER Polyester Men's Windcheater Jacket - Olive ( Pack of 1 ),25,4.8
2026-02-15,Men Clothing,Reya Cotton Blend Men's Casual Jacket - Maroon ( Pack of 1 ),53,2.4
2026-02-15,Men Clothing,Dollar Polyester Blend Men's Casual Jacket - Brown ( Pack of 1 ),42,1.8
2026-02-15,Men Clothing,FTX Polyester Men's Windcheater Jacket - Black ( Pack of 1 ),7,4.0
2026-02-15,Men Clothing,4B Nylon Men's Windcheater Jacket - Maroon ( Pack of 1 ),49,3.4
2026-02-15,Men Clothing,SCOLLER Polyester Men's Windcheater Jacket - Black ( Pack of 1 ),32,1.9
2026-02-15,Men Clothing,NUEVOSPORTA Polyester Men's Puffer Jacket - White ( Pack of 1 ),7,2.1
2026-02-15,Men Clothing,Rino Fleece Men's Casual Jacket - Black ( Pack of 1 ),24,3.7
2026-02-15,Men Clothing,Dollar Cotton Men's Casual Jacket - Navy ( Pack of 1 ),19,4.6
2026-02-15,Men Clothing,MAYKR Polyester Men's Casual Jacket - Black ( Pack of 1 ),49,3.5
2026-02-15,Men Clothing,yellow tree Polyester Men's Casual Jacket - White ( Pack of 1 ),10,3.0
2026-02-15,Men Clothing,Reya Cotton Blend Men's Casual Jacket - Black ( Pack of 1 ),13,1.4
2026-02-15,Women Clothing,Sheetal associates Women Polyester Printed Fit & Flare Dress ( Blue ),8,2.2
2026-02-15,Women Clothing,TUHIRAJ Women Crepe Printed Gown ( Brown ),13,1.6
2026-02-15,Women Clothing,"KNOWZY Rayon Women Dupatta ( Magenta , Pack of 1 )",8,3.6
2026-02-15,Women Clothing,Sheetal associates Women Crepe Printed Fit & Flare Dress ( White ),40,3.3
2026-02-15,Women Clothing,wanquila Women Lycra Solid Bodycon Dress ( Beige ),50,4.5
2026-02-15,Women Clothing,Sheetal associates Women Crepe Printed A-line Dress ( Orange ),20,4.7
2026-02-15,Women Clothing,Fasanger Cotton Lycra Women's Shrugs - Blue ( ),41,2.9
2026-02-15,Women Clothing,Fabverse Women Lycra Solid Bodycon Dress ( Black ),13,4.5
2026-02-15,Women Clothing,Sheetal associates Women Crepe Printed Shirt Dress ( White ),39,4.5
2026-02-15,Women Clothing,THE LADIES FASHION Women Viscose Rayon Maxi ( White ),12,1.9
2026-02-15,Women Clothing,Sheetal associates Women Polyester Printed Fit & Flare Dress ( Brown ),29,3.2
2026-02-15,Women Clothing,NIVESTANA Women Viscose Rayon Gown ( Purple ),55,3.0
2026-02-15,Women Clothing,Madhusudan Women Rayon Printed Ethnic Dress ( Pink ),12,4.0
2026-02-15,Women Clothing,PIYURZ Pack of 6 Poly Cotton Solid Women's Briefs ( Multi Color ),9,4.1
2026-02-15,Women Clothing,Honky Tonky Women Polyester Self Design A-line Dress ( Pink ),23,4.7
2026-02-15,Women Clothing,Sheetal associates Women Crepe Printed Shirt Dress ( Green ),17,2.1
2026-02-15,Women Clothing,Sheetal associates Women Crepe Printed A-line Dress ( White ),24,1.6
2026-02-15,Women Clothing,JASH CREATION Women Cotton Blend Printed Fit & Flare Dress ( Pink ),18,3.2
2026-02-15,Women Clothing,Lecowar Women Fleece Hooded Sweatshirt For ( Maroon ),6,4.4
2026-02-15,Women Clothing,"BLYNK Lycra Petticoat ( Maroon , )",31,2.1
2026-02-15,Women Clothing,Fasanger Cotton Lycra Women's Shrugs - White ( ),23,2.3
2026-02-15,Women Clothing,Lecowar Women Fleece Hooded Sweatshirt For ( Maroon ),5,3.1
2026-02-15,Women Clothing,"BLYNK Lycra Petticoat ( Pink , )",23,3.0
2026-02-15,Women Clothing,MAYRAAFASHION Net Self Design Regular Saree With Unstitched Blouse Piece ( Pink ),44,4.0
2026-02-15,Women Clothing,Shri Hub Cotton Women White Salwar,28,2.1
2026-02-15,Women Clothing,shrihub - Cotton Red Women's Semi Patiala Salwar ( Pack of 1 ),8,1.3
2026-02-15,Women Clothing,"TAMINA Black,White Cotton Blend Women's Flared Skirt ( Pack of 1 )",21,1.8
2026-02-15,Women Clothing,color bucket Women Net Circular Semi Stitched Lehenga Choli ( Beige ),18,2.4
2026-02-15,Women Clothing,Tankirti Cotton Printed Women Regular Nighty ( Blue ),28,3.8
2026-02-15,Women Clothing,ZWERLON Orange Polyester Women's Flared Skirt ( Pack of 1 ),18,2.8
2026-02-15,Women Clothing,ALTECIA Women Net Indo-Western Semi Stitched Lehenga Choli ( Black ),21,4.6
2026-02-15,Women Clothing,PuriMaa Beige Organza Circular Semi Stitched Lehenga,50,1.9
2026-02-15,Women Clothing,Mercel Brown Polyester Women's Nightwear Night Dress ( Pack of 1 ),18,3.7
2026-02-15,Women Clothing,DOOZIE LOVEPLUS Pack of 6 Poly Cotton Printed Women's Hipster ( Multicolor ),50,2.8
2026-02-15,Women Clothing,Vibhagyaa Georgette Printed Saree With Unstitched Blouse Piece ( Black ),52,1.2
2026-02-15,Women Clothing,LONDON BELLY Multicolor Cotton Blend Regular Fit Women's Jumpsuit ( Pack of 1 ),24,2.6
2026-02-15,Women Clothing,"Igrab Cotton Blend Hipster ( Multicolor , Pack of 10 )",36,2.3
2026-02-15,Women Clothing,YUGAVEERAA Lycra Solid Regular Saree With Unstitched Blouse Piece ( Blue ),37,2.0
2026-02-15,Women Clothing,ATIMUNA Gold Polyester Women Baby Doll Dress With Panty,20,1.5
2026-02-15,Women Clothing,RIYA ENTERPRISE Chiffon Solid Regular Saree With Unstitched Blouse Piece ( Gold ),26,3.4
2026-02-15,Women Clothing,Lecowar Women Fleece Hooded Sweatshirt For ( Black ),37,3.3
2026-02-15,Women Clothing,"DELTIN HUB Lycra Petticoat ( Yellow , )",17,3.2
2026-02-15,Women Clothing,Sttoffa Maroon Cotton Women's A-Line Skirt ( Pack of 1 ),20,2.1
2026-02-15,Women Clothing,PuriMaa Pink Organza Circular Semi Stitched Lehenga,30,3.4
2026-02-15,Women Clothing,COMFY ATTIRE Brown Cotton Women's Tiered Skirt ( Pack of 1 ),8,4.7
2026-02-15,Women Clothing,Kashtbhanjan Women Art Silk Straight Cut Unstitched Lehenga Choli ( Blue ),17,3.6
2026-02-15,Women Clothing,Ogarti Woollen Shrugs - Maroon,48,2.3
2026-02-15,Women Clothing,PuriMaa Blue Organza Circular Semi Stitched Lehenga,17,2.7
2026-02-15,Women Clothing,DOOZIE LOVEPLUS Pack of 3 Cotton Printed Women's Hipster ( Multicolor ),6,2.9
2026-02-15,Women Clothing,Gutthi Purple Lace Women Baby Doll Dress With Panty,50,2.6
2026-02-15,Women Clothing,color bucket Blue Net Circular Semi Stitched Lehenga Single,41,4.6
2026-02-15,Women Clothing,Rajnandini Unstitched Cotton Blend Printed Dress Material - Multicolor 2 ( Pack of 1 ),42,1.2
2026-02-15,Women Clothing,"BLYNK Lycra Petticoat ( Multicoloured , )",44,3.5
2026-02-15,Women Clothing,SHOMMEE Women Shirt With Palazzos Co-Ord Set ( Coffee ),46,2.2
2026-02-15,Women Clothing,Jyoti Traders Cotton Women's Shrugs - Black ( Single ),34,3.5
2026-02-15,Women Clothing,"kramox pack of 2 (72 pcs) trips Double Sided Tape for Fashion, Clothing and Body | All Day Strength Invisible Dress Tape for women | Gentle to stick on Skin and clothes | Transparent",48,1.9
2026-02-15,Women Clothing,Laadli Maroon Readymade without Pad Cotton Blend Women's Blouse ( Pack of 1 ),54,4.6
2026-02-15,Women Clothing,Ladyland Pack of 1 Cotton Blend Non Padded Everyday Bra For Women ( Peach ),28,1.6
2026-02-15,Women Clothing,Gazal Fashions Banarasi Silk Woven Saree With Unstitched Blouse Piece ( Maroon ),28,4.0
2026-02-15,Women Clothing,Suntex Lycra Embellished Chanderi saree With Unstitched Blouse Piece ( Maroon ),46,2.3
