Section,Product,Price,Discount,Rating,Scraped Date
Accessories,Blubby Multi Clutcher ( Pack of 1 ),213,41,3.8,2026-02-15
Accessories,JAGIRA DIVINE TOUCH Multicolor Plastic Storage Racks ( Pack of 1 ),116,37,3.1,2026-02-15
Accessories,AUTOGROOMZ Windshield Only Double Clamp Car Mobile Holder - Black,217,33,3.5,2026-02-15
Accessories,QitmirMKT NEW KEYCHAIN LIGHTER WITH HIGH POWER LIGHT Multicolor Multipurpose Car Cigarette Lighter ( Pack of 1 ),238,30,4.0,2026-02-15
Accessories,"Portronics Clamp M3 Adjustable Car Mobile Phone Holder Stand for Dashboard & Windshield, 360degree Rotational, Strong Suction Cup, Compatible with 4 to 6 inch Devices(Black)",268,29,3.7,2026-02-15
Accessories,"5 In 1 Multi Pin Universal Portable Adapter And Car Mobile Charging Cable For (iPhone,Type C and Micro USB)",254,38,2.5,2026-02-15
Accessories,"delhideals Indian Flag for Car Dashboard, Office Table, Study Table & Drawing Table",195,22,4.5,2026-02-15
Accessories,Tender care Memory Foam Back / Lumbar Support Single Black,350,31,3.1,2026-02-15
Accessories,"GEEO Universal Car Steering Knob, Car Steering Wheel Knob, Steering Wheel Spinner Knob, 360° Rotation Booster (3R Original)",331,34,4.2,2026-02-15
Accessories,GEEO Accu Pressure Bead Back / Lumbar Support Single Black,223,22,4.3,2026-02-15
Accessories,"Aksmit Pack of -1 Car Gear Knob Protector Gear Shifter Cover for Anti-Scratch Car Gear Knob Cover and Dust Proof Nonslip Gear Cover for Car Universal Fit Silicon Car Gear Knob Stylish- Black, Silicone Rubber",187,39,3.4,2026-02-15
Accessories,Aksmit Premium Metal Key Cover Compitable for Maruti Suzuki Ignis,434,48,2.7,2026-02-15
Accessories,Aksmit 4 Pieces 12 LED DC 12V Multicolour Music Car Strip Atmosphere Lamp Light for Car Interior Under Dash Lighting Kit with Sound Active Function and Wireless Control,338,23,3.7,2026-02-15
Accessories,CRAYLUXE Accu Pressure Bead Back / Lumbar Support Single Black,538,33,4.3,2026-02-15
Accessories,Digital Car Dashboard Alarm Clock and Stopwatch With Flexible Stand,180,38,3.4,2026-02-15
Accessories,Car Ashtrays Multi Color,176,42,3.4,2026-02-15
Accessories,Ezybe Self Adhesive Kichen Shelf Light Blue Plastic Storage Racks (Pack of 2),173,47,4.4,2026-02-15
Accessories,RONISH Steering Cover Leatherite,395,24,3.5,2026-02-15
Accessories,AKSMIT Dashboard Fan Black,508,47,4.3,2026-02-15
Accessories,"TANTRA Car Armrest Cover Cushion with 2 Storage Bags - Soft, Comfortable, Non-Slip Protector for Vehicle Center Console - Waterproof, Durable, and Stylish",365,41,2.8,2026-02-15
Footwear,Cozy Wear Black Men's Daily Slipper,183,44,4.4,2026-02-15
Footwear,Xtoon Grey Men's Outdoor Shoes,498,33,3.2,2026-02-15
Footwear,AROTEK Grey Men's Daily Slipper,191,36,3.3,2026-02-15
Footwear,Citipiti ind. Green Women's Flats,208,25,3.0,2026-02-15
Footwear,Shoetopia Beige Women's Sandal Heels,594,55,3.9,2026-02-15
Footwear,Cozy Wear Olive Men's Daily Slipper,193,41,4.3,2026-02-15
Footwear,YOU LIkE Brown Men's Derby Formal Shoes,693,22,3.2,2026-02-15
Footwear,FUSEOWL Maroon Women's Flip Flop,171,47,3.9,2026-02-15
Footwear,PERY PAO Blue Men's Slide Flip Flop,226,47,3.6,2026-02-15
Footwear,YNP Design Collections Brown Women's Ethnic Ballerinas,411,53,4.4,2026-02-15
Footwear,ZYPSO Zypso Men’s Grey Synthetic Grey Men's Lifestyle Shoes,559,53,4.4,2026-02-15
Footwear,Cozy Wear Brown Men's Daily Slipper,193,49,4.3,2026-02-15
Footwear,Radhe Creation Cream Polish Suitable for Black Color,197,54,3.7,2026-02-15
Footwear,hanuco Height Increasing Insoles,301,49,3.4,2026-02-15
Footwear,Squash Black Men's Thong Flip Flop,230,26,3.9,2026-02-15
Footwear,Bersache - Orange Girl's Sports Shoes ( 1 Pair ),520,41,3.8,2026-02-15
Footwear,PENNEN Green Women's Flats,270,53,4.5,2026-02-15
Footwear,BEE U NIK Black Men's Thong Flip Flop,176,40,4.1,2026-02-15
Footwear,LiteHawks Green Men's Daily Slipper,220,52,3.9,2026-02-15
Footwear,ROGZI Liquid Polish Suitable for Black Color,253,50,3.4,2026-02-15
Kids Fashion,Cool and NIce kids Multi color Bermuda pack of 5,341,36,3.9,2026-02-15
Kids Fashion,"A.W.A KIDS FASHION Cotton Frock For Girls ( Pack of 1 , Blue )",382,22,2.8,2026-02-15
Kids Fashion,"A.W.A KIDS FASHION Cotton Blend Frock For Girls ( Pack of 1 , Pink )",382,35,3.3,2026-02-15
Kids Fashion,"A.W.A KIDS FASHION Cotton Blend Frock For Girls ( Pack of 1 , Light Blue )",382,55,3.6,2026-02-15
Kids Fashion,"Villata fashion Net Frock For Girls ( Pack of 1 , Red )",290,20,4.3,2026-02-15
Kids Fashion,"Arshia Fashions Girls Cotton Blend Kurti with Sharara ( Pack of 1 , Pink )",561,20,3.4,2026-02-15
Kids Fashion,"Arshia Fashions Cotton Blend Shirt Dress For Girls ( Pack of 1 , Blue )",501,51,3.5,2026-02-15
Kids Fashion,"Nios Fashion Girls Cotton Polyester Jeans ( Pack of 2 , Multicolor 1 )",355,37,3.1,2026-02-15
Kids Fashion,"PMD Fashion Net Lehenga Choli Set For Girls ( Pack of 1 , Charcoal )",355,55,3.9,2026-02-15
Kids Fashion,"Villata fashion Net Frock For Girls ( Pack of 1 , White )",275,51,2.6,2026-02-15
Kids Fashion,VASTRAVEDA Boys Rayon Beige Kurta Pyjama Set ( Pack of 1 ),433,52,3.1,2026-02-15
Kids Fashion,"Arshia Fashions Polyester Shirt Dress For Girls ( Pack of 1 , Multicolor )",561,45,2.7,2026-02-15
Kids Fashion,"Arshia Fashions Net Lehenga Choli Sets For Girls ( , Blue )",381,38,4.1,2026-02-15
Kids Fashion,NI FASHION Pack of 1 Boys Cotton Blend T-Shirt ( Black ),171,35,3.0,2026-02-15
Kids Fashion,"Villata fashion Net Frock For Girls ( Pack of 1 , Red )",331,33,2.7,2026-02-15
Kids Fashion,"Niicce Fashion Rayon Dress For Girls ( Pack of 1 , Yellow )",532,46,2.7,2026-02-15
Kids Fashion,NAYPAL FASHION STYLE Pack of 1 Boys & Girls Cotton Blend T-Shirt ( Pink ),246,51,4.3,2026-02-15
Kids Fashion,"Villata fashion Net Frock For Girls ( Pack of 1 , Red )",281,30,2.9,2026-02-15
Kids Fashion,"A.W.A KIDS FASHION Cotton Blend Frock For Girls ( Pack of 1 , Red )",582,45,3.9,2026-02-15
Kids Fashion,"Villata fashion Net Frock For Girls ( Pack of 1 , Pink )",290,38,3.9,2026-02-15
Men Clothing,Eyebogler Polyester Men's Windcheater Jacket - Grey ( Pack of 1 ),344,32,2.7,2026-02-15
Men Clothing,AZF Nylon Men's Windcheater Jacket - Dark Grey ( Pack of 1 ),457,45,4.1,2026-02-15
Men Clothing,Mashaykh Polyester Men's Windcheater Jacket - White ( Pack of 1 ),682,37,3.6,2026-02-15
Men Clothing,TAZO Nylon Men's Windcheater Jacket - Blue ( Pack of 1 ),462,50,3.1,2026-02-15
Men Clothing,Montrez Cotton Blend Men's Casual Jacket - White ( Pack of 1 ),557,38,2.8,2026-02-15
Men Clothing,yellow tree Polyester Men's Casual Jacket - Black ( Pack of 1 ),685,46,4.4,2026-02-15
Men Clothing,Reya Cotton Blend Men's Casual Jacket - Black ( Pack of 1 ),429,36,3.3,2026-02-15
Men Clothing,eddicted Polyester Men's Puffer Jacket - Blue ( Pack of 1 ),582,35,2.8,2026-02-15
Men Clothing,Montrez Cotton Blend Men's Casual Jacket - Olive ( Pack of 1 ),557,25,4.0,2026-02-15
Men Clothing,eddicted Polyester Men's Quilted & Bomber Jacket - Maroon ( Pack of 1 ),617,41,3.3,2026-02-15
Men Clothing,yellow tree Polyester Men's Casual Jacket - White ( Pack of 1 ),704,50,2.7,2026-02-15
Men Clothing,AZF Nylon Men's Casual Jacket - Wine ( Pack of 1 ),457,51,3.6,2026-02-15
Men Clothing,eddicted Polyester Men's Puffer Jacket - Navy Blue ( Pack of 1 ),617,45,3.4,2026-02-15
Men Clothing,Montrez Cotton Blend Men's Casual Jacket - Yellow ( Pack of 1 ),557,45,3.9,2026-02-15
Men Clothing,TrendsTalk Nylon Men's Windcheater Jacket - Gold ( Pack of 1 ),429,34,4.3,2026-02-15
Men Clothing,eddicted Nylon Men's Biker Jacket - Grey ( Pack of 1 ),617,30,2.7,2026-02-15
Men Clothing,Mashaykh Polyester Men's Windcheater Jacket - Black ( Pack of 1 ),657,43,4.2,2026-02-15
Men Clothing,IF-INDIAN FORT Polyester Men's Quilted & Bomber Jacket - Navy ( Pack of 1 ),658,49,2.8,2026-02-15
Men Clothing,AZF Nylon Men's Windcheater Jacket - Olive ( Pack of 1 ),457,44,2.6,2026-02-15
Men Clothing,TrendsTalk Nylon Men's Windcheater Jacket - Blue ( Pack of 1 ),576,26,4.1,2026-02-15
Women Clothing,Sheetal associates Women Polyester Printed Fit & Flare Dress ( Blue ),394,48,3.5,2026-02-15
Women Clothing,wanquila Women Lycra Solid Bodycon Dress ( Beige ),363,47,3.2,2026-02-15
Women Clothing,"KNOWZY Rayon Women Dupatta ( Magenta , Pack of 1 )",108,52,2.9,2026-02-15
Women Clothing,Sheetal associates Women Crepe Printed A-line Dress ( Orange ),339,36,4.1,2026-02-15
Women Clothing,TUHIRAJ Women Crepe Printed Gown ( Brown ),470,50,3.0,2026-02-15
Women Clothing,Sheetal associates Women Crepe Printed Fit & Flare Dress ( White ),394,43,4.3,2026-02-15
Women Clothing,"BLYNK Lycra Petticoat ( Maroon , )",171,39,2.8,2026-02-15
Women Clothing,Fabverse Women Lycra Solid Bodycon Dress ( Black ),319,37,2.6,2026-02-15
Women Clothing,Sheetal associates Women Polyester Printed Fit & Flare Dress ( Brown ),394,27,4.2,2026-02-15
Women Clothing,THE LADIES FASHION Women Viscose Rayon Maxi ( White ),391,55,2.6,2026-02-15
Women Clothing,Sheetal associates Women Crepe Printed Shirt Dress ( Green ),394,45,2.8,2026-02-15
Women Clothing,JASH CREATION Women Cotton Blend Printed Fit & Flare Dress ( Pink ),356,21,4.3,2026-02-15
Women Clothing,Madhusudan Women Rayon Printed Ethnic Dress ( Pink ),452,43,3.4,2026-02-15
Women Clothing,shrihub - Cotton Red Women's Semi Patiala Salwar ( Pack of 1 ),210,51,4.5,2026-02-15
Women Clothing,Honky Tonky Women Polyester Self Design A-line Dress ( Pink ),382,45,2.5,2026-02-15
Women Clothing,Sheetal associates Women Crepe Printed Shirt Dress ( White ),394,24,2.7,2026-02-15
Women Clothing,Sheetal associates Women Crepe Printed A-line Dress ( White ),394,24,2.6,2026-02-15
Women Clothing,NIVESTANA Women Viscose Rayon Gown ( Purple ),393,48,4.4,2026-02-15
Women Clothing,"DELTIN HUB Polyester Petticoat ( Blue , )",234,30,3.4,2026-02-15
Women Clothing,Lecowar Women Fleece Hooded Sweatshirt For ( Maroon ),424,51,3.5,2026-02-15
